mes,dia,hora,Ir_total,Ir_difusa,Temperatura
1,1,8,38,27,3.64
1,1,9,131,102,4.43
1,1,10,172,154,5.94
1,1,11,230,200,7.36
1,1,12,399,168,8.5
1,1,13,445,65,9.5
1,1,14,374,49,10.02
1,1,15,243,50,10.19
1,1,16,88,31,9.86
1,2,8,41,27,0.95
1,2,9,191,69,2.07
1,2,10,337,65,5.47
1,2,11,443,41,7.58
1,2,12,483,35,8.84
1,2,13,408,128,9.36
1,2,14,360,79,9.57
1,2,15,236,65,9.69
1,2,16,83,39,9.13
1,3,8,50,20,0.15
1,3,9,203,51,1.99
1,3,10,334,72,5.97
1,3,11,426,78,7.69
1,3,12,465,76,8.9
1,3,13,439,83,9.75
1,3,14,356,89,10.23
1,3,15,242,62,10.29
1,3,16,92,32,9.89
1,4,8,50,20,-0.86
1,4,9,206,48,1.15
1,4,10,336,68,4.43
1,4,11,432,70,6.84
1,4,12,469,71,8.57
1,4,13,446,75,9.88
1,4,14,365,80,10.66
1,4,15,247,58,10.89
1,4,16,95,32,10.24
1,5,8,50,20,0.03
1,5,9,206,48,1.44
1,5,10,339,65,4.65
1,5,11,431,74,7.18
1,5,12,476,62,8.88
1,5,13,451,70,10.05
1,5,14,369,76,10.76
1,5,15,248,60,10.9
1,5,16,98,32,9.89
1,6,8,50,20,-1.13
1,6,9,206,50,1.16
1,6,10,338,69,4.46
1,6,11,432,74,7.05
1,6,12,478,62,8.67
1,6,13,451,75,9.89
1,6,14,370,80,10.67
1,6,15,248,65,10.86
1,6,16,98,36,10
1,7,8,30,26,-1.95
1,7,9,100,92,-0.09
1,7,10,117,116,2.79
1,7,11,142,141,5.17
1,7,12,144,144,6.93
1,7,13,117,117,8.15
1,7,14,83,83,8.76
1,7,15,96,94,8.86
1,7,16,53,49,8.07
1,8,8,24,23,0.07
1,8,9,75,74,0.76
1,8,10,64,64,1.9
1,8,11,79,79,3.13
1,8,12,94,94,4.71
1,8,13,98,98,6
1,8,14,82,82,6.87
1,8,15,93,92,7.32
1,8,16,55,50,7
1,9,8,37,28,-0.74
1,9,9,125,103,0.13
1,9,10,140,136,1.21
1,9,11,185,178,2.42
1,9,12,194,188,4
1,9,13,228,207,5.48
1,9,14,261,186,6.17
1,9,15,153,128,6.54
1,9,16,29,29,6.53
1,10,8,16,16,2.04
1,10,9,80,78,3.74
1,10,10,172,157,6.61
1,10,11,437,79,8.37
1,10,12,461,110,9.72
1,10,13,472,57,11.09
1,10,14,341,137,11.4
1,10,15,234,100,11.27
1,10,16,112,35,10.73
1,11,8,37,28,2.28
1,11,9,93,89,2.65
1,11,10,163,152,3.51
1,11,11,212,195,4.73
1,11,12,217,205,6
1,11,13,283,225,6.85
1,11,14,203,181,7.21
1,11,15,128,119,7.31
1,11,16,46,45,7
1,12,8,37,29,5.28
1,12,9,148,104,5.95
1,12,10,351,63,6.36
1,12,11,439,83,7.63
1,12,12,480,88,8.34
1,12,13,440,124,8.45
1,12,14,383,89,8.5
1,12,15,252,89,8.41
1,12,16,117,38,8.02
1,13,8,56,20,-0.74
1,13,9,217,45,0.8
1,13,10,349,70,3.27
1,13,11,444,79,4.48
1,13,12,493,67,5.92
1,13,13,184,180,6.83
1,13,14,189,175,7.13
1,13,15,96,95,6.45
1,13,16,56,53,5.73
1,14,8,54,23,0.69
1,14,9,215,51,2.08
1,14,10,292,146,4.08
1,14,11,454,66,5.59
1,14,12,400,200,6.79
1,14,13,443,128,7.6
1,14,14,305,182,8.04
1,14,15,290,40,8.09
1,14,16,105,56,7.66
1,15,8,56,23,1.59
1,15,9,138,108,2.73
1,15,10,372,34,4.82
1,15,11,462,56,6.39
1,15,12,488,88,7.75
1,15,13,452,121,8.86
1,15,14,424,33,9.47
1,15,15,294,40,9.73
1,15,16,107,58,9.42
1,16,8,29,27,3.66
1,16,9,100,94,4.03
1,16,10,149,144,4.8
1,16,11,294,220,5.63
1,16,12,258,229,6.41
1,16,13,139,139,7.06
1,16,14,155,152,6.55
1,16,15,109,107,6.3
1,16,16,32,32,6.15
1,17,8,46,31,5.98
1,17,9,227,39,6.37
1,17,10,323,122,7.23
1,17,11,413,146,8.54
1,17,12,225,212,9.62
1,17,13,153,153,10.8
1,17,14,314,187,11.21
1,17,15,208,140,11.62
1,17,16,121,55,11.09
1,18,8,37,32,9.23
1,18,9,78,77,9.68
1,18,10,109,109,10.4
1,18,11,239,213,10.76
1,18,12,194,190,10.74
1,18,13,90,90,10.84
1,18,14,78,78,10.8
1,18,15,102,101,10.73
1,18,16,50,49,10.51
1,19,8,32,30,8.43
1,19,9,193,92,6.96
1,19,10,243,179,6.57
1,19,11,469,67,6.97
1,19,12,290,242,6.4
1,19,13,182,179,5.2
1,19,14,182,174,4.74
1,19,15,187,147,4.89
1,19,16,107,71,5.2
1,20,8,68,19,2.84
1,20,9,219,64,3.41
1,20,10,379,49,4.61
1,20,11,267,223,5.7
1,20,12,456,167,6.63
1,20,13,448,155,6.94
1,20,14,350,171,6.26
1,20,15,183,148,5.86
1,21,10,359,89,4.89
1,21,11,401,175,5.67
1,21,12,476,145,6.4
1,21,13,441,170,7.13
1,21,14,403,116,7.27
1,21,15,278,103,7.3
1,21,16,98,76,6.97
1,22,8,33,31,1.63
1,22,9,89,87,2.13
1,22,10,33,33,2.63
1,22,11,86,86,2.86
1,22,12,159,159,3.13
1,22,13,130,130,2.94
1,22,14,90,90,3.15
1,22,15,100,100,3.72
1,22,16,158,35,3.6
1,23,8,73,21,0.44
1,23,9,231,60,1.55
1,23,10,367,87,3.08
1,23,11,467,96,4.66
1,23,12,210,204,5.95
1,23,13,462,155,6.95
1,23,14,278,212,7.19
1,23,15,192,154,7.16
1,23,16,136,67,6.75
1,24,8,70,28,6.05
1,24,9,239,52,6.5
1,24,10,381,69,7.19
1,24,11,471,97,7.72
1,24,12,518,96,8.27
1,24,13,508,90,8.91
1,24,14,418,115,9.27
1,24,15,297,98,9.29
1,24,16,140,69,8.98
1,25,8,23,23,1.96
1,25,9,217,87,2.57
1,25,10,322,154,4.9
1,25,11,440,149,6.69
1,25,12,473,171,7.9
1,25,13,366,243,9.22
1,25,14,344,197,9.72
1,25,15,294,108,9.85
1,25,16,149,65,9.57
1,26,8,59,39,6.97
1,26,9,186,113,8.21
1,26,10,302,173,10.18
1,26,11,512,30,11.94
1,26,12,536,82,13.03
1,26,13,533,57,13.86
1,26,14,436,101,14.38
1,26,15,334,55,14.42
1,26,16,159,59,13.94
1,27,8,45,39,3.37
1,27,9,80,80,5.14
1,27,10,50,50,6.4
1,27,11,124,124,7.6
1,27,12,245,230,8.71
1,27,13,242,226,9.07
1,27,14,120,120,8.73
1,27,15,87,87,8.37
1,27,16,53,53,7.86
1,28,8,84,23,-0.1
1,28,9,233,79,1.94
1,28,10,218,188,5.24
1,28,11,481,108,6.95
1,28,12,559,51,8.41
1,28,13,523,97,9.72
1,28,14,453,90,10.64
1,28,15,330,78,11
1,28,16,178,48,10.84
1,29,8,88,22,1.16
1,29,9,247,64,2.18
1,29,10,388,90,5.16
1,29,11,493,94,7.26
1,29,12,558,64,8.92
1,29,13,530,92,10.1
1,29,14,457,90,11.05
1,29,15,342,65,11.49
1,29,16,190,35,11.34
1,30,8,77,38,0.92
1,30,9,249,67,3
1,30,10,379,110,5.8
1,30,11,495,99,8.22
1,30,12,526,129,10.04
1,30,13,523,114,11.41
1,30,14,444,119,12.44
1,30,15,309,121,12.92
1,30,16,146,88,12.68
1,30,17,14,12,11.23
1,31,8,86,34,1.06
1,31,9,264,49,3.59
1,31,10,412,63,6.32
1,31,11,494,110,8.41
1,31,12,540,116,10.33
1,31,13,546,82,11.93
1,31,14,480,67,13.03
1,31,15,352,67,13.55
1,31,16,196,41,12.5
1,31,17,18,14,11.48
2,1,8,87,37,-1.26
2,1,9,258,69,1.75
2,1,10,404,88,4.06
2,1,11,509,93,5.28
2,1,12,560,91,6.34
2,1,13,548,90,7.16
2,1,14,471,94,7.66
2,1,15,352,78,7.87
2,1,16,190,59,7.65
2,1,17,26,15,6.88
2,2,8,91,37,-1.74
2,2,9,262,69,0.78
2,2,10,413,80,3.46
2,2,11,514,93,5.22
2,2,12,571,79,6.6
2,2,13,556,85,7.63
2,2,14,482,86,8.37
2,2,15,356,78,8.74
2,2,16,196,59,8.59
2,2,17,28,16,7.92
2,3,8,92,40,-1.23
2,3,9,236,105,1.27
2,3,10,406,100,4.55
2,3,11,524,83,6.83
2,3,12,579,73,8.51
2,3,13,570,67,9.61
2,3,14,405,195,10.43
2,3,15,216,177,10.81
2,3,16,146,101,10.68
2,3,17,29,19,9.62
2,4,8,71,52,4.69
2,4,9,175,135,5.03
2,4,10,168,163,5.88
2,4,11,421,223,6.41
2,4,12,306,268,7.24
2,4,13,213,209,7.96
2,4,14,175,173,8.45
2,4,15,203,175,8.58
2,4,16,86,83,8.76
2,4,17,17,16,8.48
2,5,8,104,35,5.26
2,5,9,234,116,6.21
2,5,10,371,159,6.98
2,5,11,537,78,8.01
2,5,12,278,256,9.22
2,5,13,541,139,9.78
2,5,14,299,241,10.33
2,5,15,341,124,10.34
2,5,16,194,79,9.94
2,5,17,39,20,9.45
2,6,8,106,39,3.41
2,6,9,281,67,5.14
2,6,10,428,85,7.18
2,6,11,539,84,8.64
2,6,12,595,74,10.25
2,6,13,558,120,11.36
2,6,14,505,82,11.99
2,6,15,392,50,12.26
2,6,16,215,60,12.09
2,6,17,18,18,11.23
2,7,8,93,53,1.43
2,7,9,240,120,3.45
2,7,10,297,211,5.54
2,7,11,314,260,7.57
2,7,12,406,281,8.99
2,7,13,501,208,9.69
2,7,14,240,222,10.35
2,7,15,202,179,10.28
2,7,16,181,100,10.17
2,7,17,26,23,9.77
2,8,8,39,39,5.72
2,8,9,50,50,6.33
2,8,10,110,110,6.96
2,8,11,119,119,7.49
2,8,12,83,83,7.8
2,8,13,224,219,8.61
2,8,14,316,248,8.7
2,8,15,371,105,9.42
2,8,16,150,114,9.86
2,8,17,29,26,9.11
2,9,8,104,54,1.5
2,9,9,112,110,4.82
2,9,10,450,74,6.83
2,9,11,554,84,7.46
2,9,12,611,74,8.42
2,9,13,516,203,8.97
2,9,14,521,83,9.3
2,9,15,385,93,9.22
2,9,16,107,100,8.48
2,9,17,51,25,7.61
2,10,8,99,60,-0.6
2,10,9,280,94,0.57
2,10,10,406,149,2.25
2,10,11,529,136,3.82
2,10,12,534,203,5.13
2,10,13,444,269,5.89
2,10,14,427,215,6.22
2,10,15,250,195,6.28
2,10,16,122,110,6.19
2,10,17,34,29,5.72
2,11,8,124,43,-2.9
2,11,9,300,75,0.02
2,11,10,374,188,1.39
2,11,11,186,185,2.4
2,11,12,335,288,3.63
2,11,13,413,286,4.09
2,11,14,349,256,4.43
2,11,15,371,129,4.35
2,11,16,242,57,4
2,11,17,61,25,3.28
2,12,8,129,44,-1.98
2,12,9,309,67,-0.78
2,12,10,458,89,0.8
2,12,11,570,85,2.22
2,12,12,634,60,3.39
2,12,13,544,192,4.57
2,12,14,534,89,5.49
2,12,15,389,112,5.63
2,12,16,209,102,5.76
2,12,17,61,30,5.15
2,13,8,132,45,-1.93
2,13,9,306,81,-0.51
2,13,10,423,150,0.96
2,13,11,514,183,2.26
2,13,12,579,167,3.3
2,13,13,591,129,4.5
2,13,14,540,90,4.94
2,13,15,414,80,5.46
2,13,16,244,68,5.67
2,13,17,68,28,5.21
2,14,8,129,53,-3.17
2,14,9,312,79,-0.67
2,14,10,425,154,0.88
2,14,11,534,163,2.17
2,14,12,615,120,3.15
2,14,13,504,248,3.78
2,14,14,536,106,4
2,14,15,424,72,4.21
2,14,16,238,84,3.97
2,14,17,58,39,3.3
2,15,8,37,37,0.48
2,15,9,45,45,0.96
2,15,10,96,96,1.75
2,15,11,168,168,2.47
2,15,12,125,125,2.76
2,15,13,189,189,2.5
2,15,14,102,102,1.87
2,15,15,109,109,1.63
2,15,16,34,34,1.26
2,15,17,17,17,1.12
2,16,8,30,30,2.02
2,16,9,53,53,2.65
2,16,10,71,71,3.15
2,16,11,89,89,3.79
2,16,12,157,157,4.38
2,16,13,138,138,5.05
2,16,14,105,105,5.58
2,16,15,199,186,6.47
2,16,16,121,114,6.61
2,16,17,62,42,6.44
2,17,8,100,78,5.46
2,17,9,277,141,5.72
2,17,10,161,160,5.88
2,17,11,212,209,6.71
2,17,12,537,248,7.87
2,17,13,233,229,8.41
2,17,14,525,151,8.65
2,17,15,385,153,7.68
2,17,16,117,112,7.84
2,17,17,44,40,7.32
2,18,8,68,65,3.6
2,18,9,230,166,4.05
2,18,10,381,219,4.86
2,18,11,329,283,5.09
2,18,12,392,313,5.82
2,18,13,323,290,6.85
2,18,14,223,217,7.68
2,18,15,201,189,8.04
2,18,16,139,126,7.75
2,18,17,41,39,7.29
2,19,8,94,79,2.69
2,19,9,159,149,3.57
2,19,10,257,229,4.52
2,19,11,326,283,5.43
2,19,12,487,297,6.15
2,19,13,57,57,7.02
2,19,14,51,51,7.89
2,19,15,277,217,8.41
2,19,16,216,130,7.19
2,19,17,96,29,6.36
2,20,8,166,48,-1.47
2,20,9,348,74,1.84
2,20,10,506,81,3.77
2,20,11,622,73,5.41
2,20,12,659,102,6.9
2,20,13,662,74,7.23
2,20,14,565,114,7.34
2,20,15,314,216,7.42
2,20,16,280,69,7.04
2,20,17,95,35,6.59
2,21,8,107,86,0.96
2,21,9,64,64,1.63
2,21,10,125,125,2.64
2,21,11,89,89,3.38
2,21,12,99,99,4.52
2,21,13,112,112,5.87
2,21,14,110,110,6.52
2,21,15,170,167,7.52
2,21,16,282,75,8.2
2,21,17,82,49,7.81
2,22,8,102,87,7.66
2,22,9,181,164,8.23
2,22,10,523,71,8.8
2,22,11,170,170,8.37
2,22,12,576,243,9.88
2,22,13,551,254,11.07
2,22,14,52,52,10.86
2,22,15,463,79,10.51
2,22,16,91,91,10.3
2,22,17,100,40,9.47
2,23,8,127,91,7
2,23,9,42,42,7.53
2,23,10,504,118,8.42
2,23,11,561,201,9.21
2,23,12,96,96,10.09
2,23,13,330,299,10.43
2,23,14,149,149,10.38
2,23,15,99,99,10.05
2,23,16,39,39,9.72
2,23,17,57,51,8.81
2,24,8,192,40,6.14
2,24,9,374,69,6.88
2,24,10,512,114,7.73
2,24,11,635,94,8.98
2,24,12,663,138,10.27
2,24,13,348,309,10.92
2,24,14,113,113,11.15
2,24,15,215,202,11.09
2,24,16,205,149,10.96
2,24,17,114,35,10.59
2,25,8,36,36,7.96
2,25,9,136,134,8.51
2,25,10,102,102,9.17
2,25,11,523,256,10.01
2,25,12,236,234,10.34
2,25,13,81,81,11.54
2,25,14,222,219,12.54
2,25,15,258,224,11.7
2,25,16,188,150,11.29
2,25,17,97,56,10.77
2,26,8,174,79,4.44
2,26,9,390,62,6.15
2,26,10,520,119,7.41
2,26,11,629,127,8.63
2,26,12,664,158,9.68
2,26,13,357,315,10.31
2,26,14,257,247,10.75
2,26,15,248,221,10.76
2,26,16,205,154,10.62
2,26,17,80,62,10.02
2,27,8,97,90,9
2,27,9,101,101,9.82
2,27,10,139,139,11.5
2,27,11,130,130,13.47
2,27,12,329,305,15.91
2,27,13,441,331,16.57
2,27,14,98,98,17.4
2,27,15,101,101,17.42
2,27,16,182,153,18.12
2,27,17,124,40,17.15
2,28,7,19,14,3.77
2,28,8,167,96,4.16
2,28,9,380,99,5.45
2,28,10,571,48,6.89
2,28,11,645,122,8.26
2,28,12,675,159,9.5
2,28,13,708,74,10.35
2,28,14,608,119,10.9
2,28,15,497,76,11.21
2,28,16,323,65,10.04
2,28,17,77,64,9.58
3,2,7,30,19,3.55
3,2,8,211,76,5.81
3,2,9,401,101,10.05
3,2,10,555,122,12.66
3,2,11,667,126,14.68
3,2,12,678,192,16.18
3,2,13,699,135,17.29
3,2,14,620,134,18.05
3,2,15,491,120,18.39
3,2,16,321,96,18.28
3,2,17,134,53,17.6
3,3,7,31,22,4.15
3,3,8,207,88,6.28
3,3,9,407,102,11.11
3,3,10,570,107,14.05
3,3,11,676,119,16.12
3,3,12,691,183,17.58
3,3,13,716,114,18.51
3,3,14,585,197,19.12
3,3,15,192,188,18.96
3,3,16,329,91,18.12
3,3,17,125,65,16.52
3,4,7,40,23,4.5
3,4,8,228,70,5.59
3,4,9,410,105,6.73
3,4,10,564,129,7.98
3,4,11,466,328,9.15
3,4,12,567,322,10.17
3,4,13,676,192,9.98
3,4,14,288,272,9.65
3,4,15,476,157,9.44
3,4,16,304,127,8.98
3,4,17,134,62,8.1
3,5,7,43,24,0.29
3,5,8,226,81,1.53
3,5,9,414,110,3.52
3,5,10,566,134,4.81
3,5,11,651,181,6.24
3,5,12,651,253,7.23
3,5,13,712,143,8.03
3,5,14,633,142,8.99
3,6,17,150,56,10.41
3,7,7,52,27,-0.43
3,7,8,240,81,0.73
3,7,9,431,104,4.31
3,7,10,585,125,7.3
3,7,11,696,127,10.14
3,7,12,693,214,12.46
3,7,13,746,99,14.08
3,7,14,680,71,14.92
3,7,15,535,88,15.08
3,7,16,347,94,14.72
3,7,17,70,67,13.74
3,8,7,54,31,-0.35
3,8,8,209,115,2.3
3,8,9,446,89,6.68
3,8,10,581,142,9.21
3,8,11,683,161,11.06
3,8,12,715,192,12.52
3,8,13,724,151,13.54
3,8,14,651,137,14.32
3,8,15,514,132,14.72
3,8,16,347,99,14.82
3,8,17,153,62,14.37
3,9,7,58,33,1.82
3,9,8,245,89,4.11
3,9,9,435,116,7.18
3,9,10,509,239,9.19
3,9,11,260,256,10.58
3,9,12,394,350,11.86
3,9,13,721,165,12.73
3,9,14,588,234,13.15
3,9,15,433,230,13.29
3,9,16,153,147,13.17
3,9,17,160,61,12.6
3,10,7,20,20,3.67
3,10,8,111,107,4.28
3,10,9,169,166,5.21
3,10,10,302,274,5.84
3,10,11,243,241,7.71
3,10,12,373,341,8.71
3,10,13,274,270,9.47
3,10,14,196,196,9.4
3,10,15,298,256,8.98
3,10,16,132,130,8.56
3,10,17,58,57,8.4
3,11,7,50,40,4.51
3,11,8,242,107,6.69
3,11,9,432,139,9.13
3,11,10,595,149,11.32
3,11,11,716,136,13.61
3,11,12,756,154,15.52
3,11,13,740,153,17.77
3,11,14,651,162,18.73
3,11,15,458,219,19
3,11,16,168,158,18.99
3,11,17,97,84,18.45
3,12,7,55,43,6.06
3,12,8,267,88,7.34
3,12,9,445,130,10.31
3,12,10,608,139,12.63
3,12,11,710,157,14.23
3,12,12,736,195,15.86
3,12,13,758,131,17.08
3,12,14,634,195,17.99
3,12,15,426,246,18.23
3,12,16,292,172,18.31
3,12,17,105,88,17.96
3,13,7,76,42,4.34
3,13,8,266,96,6.45
3,13,9,449,135,10.29
3,13,10,624,122,13.09
3,13,11,728,137,15.25
3,13,12,775,140,16.88
3,13,13,763,131,18.09
3,13,14,672,145,18.86
3,13,15,546,121,19.33
3,13,16,346,131,19.32
3,13,17,170,70,18.83
3,14,7,83,42,5.04
3,14,8,273,95,8.19
3,14,9,473,109,12.3
3,14,10,623,134,15.29
3,14,11,546,341,17.26
3,14,12,738,209,18.81
3,14,13,672,271,19.86
3,14,14,647,192,20.34
3,14,15,532,150,20.42
3,14,16,317,163,20.13
3,14,17,174,69,19.38
3,15,7,92,41,8.75
3,15,8,282,93,11.65
3,15,9,471,122,13.04
3,15,10,632,129,13.85
3,15,11,743,130,14.75
3,15,12,786,140,15.62
3,15,13,777,123,16.3
3,15,14,690,134,16.6
3,15,15,555,122,16.9
3,15,16,379,101,16.77
3,15,17,184,63,16.17
3,16,7,97,43,4.04
3,16,8,293,88,5.78
3,16,9,485,110,8.57
3,16,10,638,129,10.34
3,16,11,749,130,12.11
3,16,12,783,157,13.81
3,16,13,782,123,15.23
3,16,14,694,134,16.21
3,16,15,559,122,16.72
3,16,16,381,105,16.8
3,16,17,179,73,16.36
3,17,7,96,49,5.37
3,17,8,187,152,7.52
3,17,9,414,205,9.69
3,17,10,633,147,11.42
3,17,11,750,138,13.07
3,17,12,443,379,14.62
3,17,13,771,156,15.84
3,17,14,691,147,16.4
3,17,15,564,123,16.64
3,17,16,387,102,16.39
3,17,17,191,64,15.54
3,18,7,108,46,4.39
3,18,8,305,90,5.61
3,18,9,499,106,7.19
3,18,10,632,160,9.03
3,18,11,526,363,10.91
3,18,12,750,226,12.41
3,18,13,703,262,13.13
3,18,14,550,313,13.58
3,18,15,522,190,13.79
3,18,16,387,109,13.05
3,18,17,186,75,12.35
3,19,8,312,88,4.63
3,19,9,505,106,7.72
3,19,10,663,118,9.67
3,19,11,774,115,11.3
3,19,12,816,125,11.96
3,19,13,758,192,12.78
3,19,14,585,293,13.23
3,19,15,309,271,13.47
3,19,16,369,138,13.5
3,19,17,206,57,13.37
3,20,7,114,52,1.67
3,20,8,259,147,2.81
3,20,9,382,240,4.45
3,20,10,622,193,6.11
3,20,11,771,131,7.41
3,20,12,817,134,9.16
3,20,13,802,124,10.99
3,20,14,717,128,12.24
3,20,15,580,118,13.04
3,20,16,388,120,13.25
3,20,17,157,101,12.89
3,20,18,17,11,11.74
3,21,7,123,49,-0.3
3,21,8,320,95,2.88
3,21,9,512,117,5.87
3,21,10,671,125,8.38
3,21,11,785,115,10.77
3,21,12,835,107,12.83
3,21,13,790,157,14.54
3,21,14,717,135,15.85
3,21,15,578,130,16.57
3,21,16,407,97,16.61
3,21,17,187,88,15.86
3,21,18,22,12,14.25
3,22,7,130,49,5.95
3,22,8,138,133,7.38
3,22,9,315,255,9.27
3,22,10,370,320,11.34
3,22,11,651,310,12.2
3,22,12,688,324,12.4
3,22,13,85,85,10.9
3,22,14,126,126,9.58
3,22,15,369,289,7.13
3,22,16,64,64,6.27
3,22,17,118,103,7
3,22,18,9,9,5.45
3,23,7,135,52,0.46
3,23,8,328,102,1.67
3,23,9,538,93,3.53
3,23,10,679,133,5.28
3,23,11,770,162,6.22
3,23,12,531,402,6.9
3,23,13,492,392,7.88
3,23,14,667,227,8.34
3,23,15,518,220,8.6
3,23,16,428,74,8.62
3,23,17,202,81,8.17
3,23,18,27,15,7.38
3,24,7,131,62,2.04
3,24,8,326,112,4.1
3,24,9,518,138,6.04
3,24,10,632,212,8.58
3,24,11,767,178,10.51
3,24,12,769,244,11.51
3,24,13,649,347,12.98
3,24,14,555,333,13.56
3,24,15,393,292,13.46
3,24,16,297,205,13.12
3,24,17,200,88,12.27
3,24,18,27,17,11.28
3,25,7,148,52,2.23
3,25,8,351,87,5.55
3,25,9,549,93,8.54
3,25,10,708,97,10.5
3,25,11,819,89,12.22
3,25,12,874,70,13.94
3,25,13,826,125,14.91
3,25,14,695,201,15.12
3,25,15,367,293,15.28
3,25,16,391,143,14.81
3,25,17,217,75,14.24
3,25,18,30,17,13.31
3,26,7,150,56,5.44
3,26,8,366,71,7.03
3,26,9,367,266,8.56
3,26,10,113,113,10.63
3,26,11,539,387,11.99
3,26,12,595,399,12.43
3,26,13,554,397,13.12
3,26,14,430,357,12.75
3,26,15,337,288,12.63
3,26,16,335,197,11.84
3,26,17,87,85,10.83
3,26,18,19,17,9.68
3,27,7,116,82,5.32
3,27,8,183,166,5.83
3,27,9,184,183,7.09
3,27,10,333,309,9.63
3,27,11,395,361,12.03
3,27,12,223,223,13.45
3,27,13,292,289,14.52
3,27,14,92,92,14.78
3,27,15,168,168,15.02
3,27,16,148,147,14.82
3,27,17,108,101,14.21
3,27,18,17,16,13.6
3,28,7,163,57,5.94
3,28,8,365,96,8.94
3,28,9,555,116,11.32
3,28,10,702,141,13.66
3,28,11,814,133,15.82
3,28,12,870,107,17.55
3,28,13,731,290,18.62
3,28,14,584,330,19.28
3,28,15,523,240,19.61
3,28,16,254,211,19.38
3,28,17,192,109,18.66
3,28,18,33,22,17.28
3,29,7,120,87,7.66
3,29,8,330,145,9.59
3,29,9,463,235,11.78
3,29,10,665,208,13.78
3,29,11,801,166,15.56
3,29,12,870,116,17.15
3,29,13,698,328,18.38
3,29,14,698,221,19.2
3,29,15,613,127,19.57
3,29,16,426,119,19.59
3,29,17,207,101,19.06
3,29,18,34,24,17.88
3,30,7,90,82,7.9
3,30,8,391,70,9.56
3,30,9,551,142,11.08
3,30,10,724,120,12.78
3,30,11,796,181,13.92
3,30,12,884,98,14.79
3,30,13,171,171,14.88
3,30,14,255,253,14.56
3,30,15,93,93,13.59
3,30,16,78,78,13.38
3,30,17,138,118,11.32
3,30,18,4,4,10.63
3,31,7,184,54,3.8
3,31,8,384,94,5.79
3,31,9,581,100,7.68
3,31,10,734,114,9.57
3,31,11,846,98,11.6
3,31,12,906,61,12.9
3,31,13,866,98,14.02
3,31,14,767,122,14.86
3,31,15,624,122,15.16
3,31,16,445,101,14.7
3,31,17,245,69,13.65
3,31,18,46,25,12.61
4,1,7,169,69,-0.95
4,1,8,373,103,4.66
4,1,9,565,115,6.85
4,1,10,713,133,7.89
4,1,11,699,303,8.83
4,1,12,628,396,10.14
4,1,13,460,396,10.86
4,1,14,531,359,11.35
4,1,15,256,247,10.89
4,1,16,135,135,10.84
4,1,17,122,111,8.99
4,1,18,6,6,8.76
4,2,7,99,88,4.64
4,2,8,355,133,4.95
4,2,9,438,262,6.33
4,2,10,137,137,8
4,2,11,246,246,8.83
4,2,12,539,418,9.73
4,2,13,638,377,10.7
4,2,14,574,343,11.32
4,2,15,333,292,11.56
4,2,16,291,220,11.3
4,2,17,121,111,10.3
4,2,18,38,28,9.2
4,3,7,180,71,2.77
4,3,8,390,94,5.25
4,3,9,554,152,7.48
4,3,10,559,326,9.16
4,3,11,757,247,10.24
4,3,12,621,406,11.28
4,3,13,659,367,12.34
4,3,14,317,306,12.92
4,3,15,623,119,13.09
4,3,16,441,107,12.81
4,3,17,177,124,12.14
4,3,18,39,30,10.58
4,4,7,77,75,2.18
4,4,8,151,148,5.38
4,4,9,116,116,7.11
4,4,10,277,272,7.89
4,4,11,421,379,8.8
4,4,12,377,360,9.07
4,4,13,228,228,9.7
4,4,14,502,371,11.5
4,4,15,518,258,12.14
4,4,16,327,218,11.76
4,4,17,234,91,10.86
4,4,18,50,30,9.86
4,5,7,180,84,1.07
4,5,8,401,95,3.35
4,5,9,583,122,5.02
4,5,10,546,340,6.68
4,5,11,684,340,8.22
4,5,12,721,349,9.46
4,5,13,541,413,10.42
4,5,14,291,285,10.87
4,5,15,322,289,9.96
4,5,16,228,207,8.55
4,5,17,136,120,7.23
4,5,18,41,32,5.82
4,6,6,16,13,3.78
4,6,7,79,77,4.66
4,6,8,193,179,6.5
4,6,9,249,240,7.95
4,6,10,435,358,9.4
4,6,11,359,344,10.64
4,6,12,154,154,11.61
4,6,13,375,357,11.94
4,6,14,420,364,11.82
4,6,15,153,153,11.03
4,6,16,63,63,9.38
4,6,17,99,97,8.79
4,6,18,59,29,9.13
4,7,6,22,15,4.4
4,7,7,118,102,4.99
4,7,8,292,202,5.08
4,7,9,413,289,6.02
4,7,10,442,361,7.57
4,7,11,361,346,8.12
4,7,12,275,274,9.76
4,7,13,519,416,10.5
4,7,14,634,318,11.08
4,7,15,537,253,10.83
4,7,16,290,227,10.39
4,7,17,49,49,10.07
4,7,18,49,35,9.69
4,8,6,22,17,2.94
4,8,7,42,42,4.05
4,8,8,179,172,6.19
4,8,9,323,283,7.72
4,8,10,404,352,9.05
4,8,11,548,411,10.43
4,8,12,631,417,11.54
4,8,13,781,267,12.23
4,8,14,478,378,12.78
4,8,15,283,269,13.23
4,8,16,92,92,13.51
4,8,17,269,62,13.29
4,8,18,65,32,12.66
4,9,6,4,4,5.35
4,9,7,107,99,6.59
4,9,8,271,210,8.27
4,9,9,600,130,9.76
4,9,10,601,323,11.17
4,9,11,396,369,12.17
4,9,12,253,253,12.83
4,9,13,279,278,13.54
4,9,14,421,367,13.86
4,9,15,288,273,14.07
4,9,16,79,79,14.36
4,9,17,146,128,14.17
4,9,18,7,7,13.37
4,10,6,25,21,6.57
4,10,7,139,113,8.25
4,10,8,228,201,9.1
4,10,9,112,112,10.14
4,10,10,196,196,11.13
4,10,11,453,399,12.24
4,10,12,288,287,13.54
4,10,13,731,334,14.15
4,10,14,723,232,15.26
4,10,15,542,260,15.38
4,10,16,439,147,15.45
4,10,17,269,73,15.23
4,10,18,67,35,14.75
4,11,6,25,22,6.82
4,11,7,156,118,7.94
4,11,8,425,109,9.21
4,11,9,530,237,10.56
4,11,10,633,307,12.27
4,11,11,277,276,13.61
4,11,12,157,157,14.51
4,11,13,744,326,15.66
4,11,14,773,161,16.13
4,11,15,496,296,16.21
4,11,16,358,221,15.96
4,11,17,148,130,15.07
4,11,18,56,41,14.11
4,12,6,18,18,6.03
4,12,7,63,63,7.61
4,12,8,151,150,10.27
4,12,9,490,274,11.86
4,12,10,414,361,12.96
4,12,11,425,388,13.75
4,12,12,400,379,14.07
4,12,13,375,359,14.63
4,12,14,107,107,14.85
4,12,15,58,58,14.83
4,12,16,99,99,14.07
4,12,17,141,127,13.99
4,12,18,76,35,13.46
4,13,6,12,12,6.84
4,13,7,130,115,8.36
4,13,8,435,111,9.98
4,13,9,541,236,11.44
4,13,10,512,375,12.4
4,13,11,566,420,13.36
4,13,12,586,438,14.32
4,13,13,583,424,15.5
4,13,14,119,119,15.93
4,13,15,363,312,15.93
4,13,16,317,236,15.8
4,13,17,252,108,15.67
4,13,18,60,44,14.66
4,14,6,50,28,3.4
4,14,7,240,77,6.44
4,14,8,425,133,10.4
4,14,9,617,144,12.35
4,14,10,703,247,14.13
4,14,11,861,160,15.49
4,14,12,789,320,16.58
4,14,13,652,405,17.16
4,14,14,580,372,17.16
4,14,15,450,320,17.18
4,14,16,245,221,17.38
4,14,17,204,140,17.09
4,14,18,65,46,16.16
4,15,6,56,28,6.37
4,15,7,244,80,8.26
4,15,8,447,108,11.58
4,15,9,635,120,13.85
4,15,10,783,129,15.71
4,15,11,874,142,16.91
4,15,12,911,144,17.85
4,15,13,760,325,18.43
4,15,14,729,247,18.57
4,15,15,265,258,18.75
4,15,16,433,175,18.66
4,15,17,267,100,18.49
4,15,18,21,21,17.71
4,16,6,58,30,6.31
4,16,7,254,74,8.51
4,16,8,459,96,13.06
4,16,9,643,114,15.54
4,16,10,702,260,17.52
4,16,11,878,142,18.83
4,16,12,865,229,19.7
4,16,13,820,253,20.32
4,16,14,801,138,20.52
4,16,15,644,159,20.4
4,16,16,347,237,20.19
4,16,17,183,145,18.93
4,16,18,72,47,16.16
4,17,6,62,32,7.57
4,17,7,253,82,9.51
4,17,8,335,222,13.21
4,17,9,640,126,15.42
4,17,10,787,138,17.34
4,17,11,882,143,18.33
4,17,12,853,252,18.95
4,17,13,775,316,19.6
4,17,14,349,333,19.74
4,17,15,74,74,20.15
4,17,16,195,190,19.8
4,17,17,113,111,17.7
4,17,18,38,37,15.92
4,18,6,67,33,7.99
4,18,7,262,77,9.57
4,18,8,466,101,12.56
4,18,9,652,115,15
4,18,10,795,129,16.82
4,18,11,890,133,18.19
4,18,12,821,300,19.19
4,18,13,691,394,19.67
4,18,14,462,387,19.62
4,18,15,617,207,19.85
4,18,16,489,113,19.52
4,18,17,290,84,19.25
4,18,18,82,49,18.21
4,19,6,72,34,7.85
4,19,7,265,79,10.02
4,19,8,473,97,13.31
4,19,9,656,115,15.37
4,19,10,799,130,17.03
4,19,11,894,134,18.31
4,19,12,929,135,19
4,19,13,882,170,19.7
4,19,14,801,154,20.1
4,19,15,692,87,20.25
4,19,16,515,71,20.13
4,19,17,296,80,19.84
4,19,18,91,45,19.17
4,20,6,66,41,8.4
4,20,7,216,130,10.53
4,20,8,383,209,13.57
4,20,9,628,169,15.19
4,20,10,771,183,17.02
4,20,11,887,152,18.53
4,20,12,927,144,19.67
4,20,13,642,424,20.36
4,20,14,851,61,20.85
4,20,15,476,324,21
4,20,16,481,135,20.9
4,20,17,222,147,20.3
4,20,18,88,50,18.83
4,21,6,74,41,8.73
4,21,7,271,85,10.06
4,21,8,472,115,13.88
4,21,9,657,128,15.56
4,21,10,797,146,16.98
4,21,11,891,153,18.32
4,21,12,925,154,19.44
4,21,13,849,235,20.27
4,21,14,824,121,20.8
4,21,15,592,249,20.89
4,21,16,314,247,20.83
4,21,17,311,65,20.33
4,21,18,85,54,19.17
4,22,6,84,38,7.83
4,22,7,279,82,10.39
4,22,8,481,107,14.68
4,22,9,664,121,16.96
4,22,10,805,138,18.76
4,22,11,899,143,20.21
4,22,12,933,145,21.27
4,22,13,915,124,22.03
4,22,14,818,138,22.5
4,22,15,683,123,22.63
4,22,16,484,140,22.5
4,22,17,290,101,22.21
4,22,18,93,52,21.33
4,23,6,86,41,9.09
4,23,7,280,87,11.26
4,23,8,483,112,15.3
4,23,9,668,121,17.36
4,23,10,809,138,18.97
4,23,11,902,143,20.26
4,23,12,936,145,21.27
4,23,13,918,124,22.06
4,23,14,821,139,22.58
4,23,15,659,167,22.88
4,23,16,517,90,22.85
4,23,17,291,104,22.55
4,23,18,99,51,21.77
4,24,6,84,47,9.61
4,24,7,272,103,11.93
4,24,8,468,141,15.69
4,24,9,665,135,17.49
4,24,10,812,138,19.28
4,24,11,905,143,20.9
4,24,12,929,165,22.16
4,24,13,906,153,22.96
4,24,14,788,200,23.4
4,24,15,677,143,23.63
4,24,16,514,100,23.51
4,24,17,289,110,23.15
4,24,18,93,57,22.41
4,25,6,14,14,10.73
4,25,7,31,31,12.01
4,25,8,60,60,14.48
4,25,9,256,251,15.52
4,25,10,145,145,16.37
4,25,11,87,87,16.8
4,25,12,180,180,16.52
4,25,13,177,177,16.9
4,25,14,244,244,16.59
4,25,15,174,174,14.28
4,25,16,164,164,13.29
4,25,17,201,157,13.03
4,25,18,41,41,12.53
4,26,6,25,25,9.36
4,26,7,54,54,10.07
4,26,8,85,85,10.27
4,26,9,105,105,10.47
4,26,10,92,92,10.9
4,26,11,410,387,11.62
4,26,12,551,453,11.98
4,26,13,172,172,12.89
4,26,14,161,161,13.75
4,26,15,436,338,14.57
4,26,16,461,183,14.37
4,26,17,310,92,14.02
4,26,18,70,60,13.4
4,27,6,103,44,8.03
4,27,7,303,80,9.07
4,27,8,455,174,10.8
4,27,9,617,224,12.11
4,27,10,697,314,13.01
4,27,11,825,286,14.55
4,27,12,772,383,15.05
4,27,13,729,389,15.7
4,27,14,768,241,16.16
4,27,15,587,272,16.85
4,27,16,152,152,16.31
4,27,17,318,85,14.88
4,27,18,104,59,13.43
4,28,6,36,36,8.23
4,28,7,139,132,9.52
4,28,8,210,203,10.57
4,28,9,369,322,11.71
4,28,10,553,400,12.76
4,28,11,787,334,13.48
4,28,12,847,308,14.82
4,28,13,826,294,15.7
4,28,14,220,220,16.56
4,28,15,135,135,16.02
4,28,16,446,205,14.92
4,28,17,58,58,14.91
4,28,18,34,34,13.33
4,29,6,114,43,7.78
4,29,7,309,83,9.3
4,29,8,517,95,11.09
4,29,9,693,115,12.67
4,29,10,465,395,13.76
4,29,11,715,400,14.57
4,29,12,735,416,15.46
4,29,13,293,292,15.94
4,29,14,434,386,16.61
4,29,15,243,241,16.89
4,29,16,164,164,16.92
4,29,17,195,161,16.48
4,29,18,128,44,15.86
4,30,6,98,59,8.5
4,30,7,261,140,9.94
4,30,8,358,251,10.78
4,30,9,581,275,12.39
4,30,10,485,401,13.14
4,30,11,109,109,13.35
4,30,12,353,348,14.11
4,30,13,685,423,14.27
4,30,14,843,131,14.31
4,30,15,715,102,14.38
4,30,16,502,147,11.63
4,30,17,176,155,11.46
4,30,18,69,62,11.29
5,1,6,47,46,9.21
5,1,7,156,143,9.04
5,1,8,410,227,12.83
5,1,9,605,245,15.45
5,1,10,769,231,17.1
5,1,11,868,224,18.63
5,1,12,878,260,19.39
5,1,13,871,225,20.82
5,1,14,819,160,21.27
5,1,15,698,122,21.73
5,1,16,523,107,21.94
5,1,17,271,146,21.61
5,1,18,112,65,20.63
5,2,6,120,56,10.88
5,2,7,313,102,12.9
5,2,8,448,208,15.2
5,2,9,640,220,17.26
5,2,10,847,125,19.23
5,2,11,959,85,21.03
5,2,12,987,95,22.57
5,2,13,952,106,23.69
5,2,14,858,116,24.43
5,2,15,712,120,24.77
5,2,16,470,196,24.73
5,2,17,307,123,24.28
5,2,18,129,59,23.17
5,3,6,123,58,10.14
5,3,7,318,102,13.94
5,3,8,512,137,17.29
5,3,9,688,160,19.71
5,3,10,863,106,21.79
5,3,11,966,84,23.58
5,3,12,989,105,25.1
5,3,13,939,146,26.22
5,3,14,855,133,27.01
5,3,15,707,141,27.46
5,3,16,530,125,27.58
5,3,17,328,104,27.38
5,3,18,135,57,26.8
5,4,6,121,59,13.76
5,4,7,90,90,17.2
5,4,8,171,170,20.29
5,4,9,125,125,22.48
5,4,10,116,116,24.15
5,4,11,118,118,25.91
5,4,12,153,153,27.58
5,4,13,443,408,28.98
5,4,14,269,268,28.91
5,4,15,701,129,28.07
5,4,16,525,117,27.73
5,4,17,270,153,26.59
5,4,18,42,42,25.2
5,5,6,143,48,12.15
5,5,7,316,122,13.97
5,5,8,518,155,15.9
5,5,9,712,153,17.66
5,5,10,843,182,19.09
5,5,11,932,192,20.15
5,5,12,648,475,21.06
5,5,13,976,112,21.72
5,5,14,833,206,22.16
5,5,15,730,132,22.53
5,5,16,558,102,22.59
5,5,17,345,98,22.09
5,5,18,150,51,21.05
5,6,6,92,74,9.47
5,6,7,243,170,12.49
5,6,8,520,151,15.71
5,6,9,701,166,18.05
5,6,10,672,377,19.68
5,6,11,944,164,20.88
5,6,12,1002,114,21.93
5,6,13,962,135,22.91
5,6,14,877,123,23.67
5,6,15,719,147,23.99
5,6,16,551,115,24
5,6,17,343,102,23.71
5,6,18,149,53,23.07
5,7,6,67,63,13.73
5,7,7,311,118,15.73
5,7,8,193,190,18.38
5,7,9,634,231,20.25
5,7,10,742,286,22.23
5,7,11,786,349,23.92
5,7,12,384,373,25.29
5,7,13,451,414,26.39
5,7,14,570,407,26.86
5,7,15,208,208,26.82
5,7,16,382,260,26.56
5,7,17,305,133,26.07
5,7,18,87,74,24.9
5,8,6,143,54,12.65
5,8,7,335,95,14.86
5,8,8,538,106,16.81
5,8,9,721,107,18.75
5,8,10,867,98,20.93
5,8,11,972,68,22.72
5,8,12,990,95,24.33
5,8,13,935,147,25.53
5,8,14,816,200,26.46
5,8,15,657,218,26.76
5,8,16,493,184,26.6
5,8,17,268,164,25.38
5,8,18,143,62,22.42
5,9,6,146,58,13.15
5,9,7,292,149,15.2
5,9,8,281,251,17.01
5,9,9,557,320,18.53
5,9,10,735,315,19.5
5,9,11,443,412,20.13
5,9,12,739,435,21.02
5,9,13,752,399,21.37
5,9,14,780,267,21.96
5,9,15,592,299,21.59
5,9,16,503,181,21.18
5,9,17,274,167,20.23
5,9,18,151,60,19.1
5,10,6,142,65,10.11
5,10,7,355,83,11.04
5,10,8,559,94,12.19
5,10,9,738,104,13.77
5,10,10,881,105,15.47
5,10,11,967,115,16.15
5,10,12,671,468,16.67
5,10,13,846,314,17.03
5,10,14,861,151,17.88
5,10,15,728,135,17.99
5,10,16,556,110,18.23
5,10,17,342,111,17.89
5,10,18,158,56,16.98
5,11,6,145,64,10.42
5,11,7,226,176,11.25
5,11,8,104,104,12.17
5,11,9,726,121,13.07
5,11,10,829,193,14.43
5,11,11,742,407,16.36
5,11,12,510,451,16.73
5,11,13,208,208,17.28
5,11,14,532,418,17.11
5,11,15,672,215,18.05
5,11,16,470,220,18.04
5,11,17,202,173,17.59
5,11,18,32,32,16.58
5,12,6,60,59,10.53
5,12,7,130,128,12.27
5,12,8,130,130,13.1
5,12,9,140,140,13.96
5,12,10,136,136,14.74
5,12,11,246,246,15.19
5,12,12,185,185,15.04
5,12,13,242,242,13.51
5,12,14,174,174,13.12
5,12,15,143,143,12.69
5,12,16,85,85,12.29
5,12,17,50,50,11.76
5,12,18,53,53,11.19
5,13,6,100,82,8.72
5,13,7,166,155,10.17
5,13,8,438,245,11.36
5,13,9,463,354,12.61
5,13,10,574,416,14.17
5,13,11,833,327,15.24
5,13,12,934,231,16.05
5,13,13,250,250,17.11
5,13,14,540,421,16.63
5,13,15,276,271,17.08
5,13,16,404,267,17.13
5,13,17,152,146,16.69
5,13,18,91,80,16.01
5,14,6,17,17,9.88
5,14,7,69,69,9.7
5,14,8,109,109,9.73
5,14,9,103,103,9.71
5,14,10,240,240,10.04
5,14,11,335,332,11.64
5,14,12,523,457,13.11
5,14,13,782,380,14.53
5,14,14,539,420,15.37
5,14,15,299,289,15.86
5,14,16,210,206,16.17
5,14,17,107,107,15.85
5,14,18,65,64,15.23
5,15,6,97,83,9.19
5,15,7,329,130,10.73
5,15,8,385,269,11.92
5,15,9,608,287,13.07
5,15,10,371,354,14.4
5,15,11,722,421,16.05
5,15,12,464,429,16.45
5,15,13,174,174,16.84
5,15,14,101,101,17.45
5,15,15,65,65,17.85
5,15,16,183,182,18.23
5,15,17,179,164,16.59
5,15,18,148,78,14.2
5,16,6,81,75,10.59
5,16,7,215,178,11.29
5,16,8,561,102,12.75
5,16,9,688,194,14.45
5,16,10,874,117,15.67
5,16,11,850,301,16.63
5,16,12,935,224,17.33
5,16,13,755,401,17.77
5,16,14,492,413,18.08
5,16,15,446,356,18.33
5,16,16,110,110,18.67
5,16,17,236,183,18.42
5,16,18,72,69,17.56
5,17,6,172,55,9.88
5,17,7,368,91,11.81
5,17,8,571,101,13.55
5,17,9,754,97,15.14
5,17,10,905,76,16.7
5,17,11,1000,63,18.21
5,17,12,1013,104,19.62
5,17,13,967,136,20.55
5,17,14,904,86,21.44
5,17,15,755,105,21.54
5,17,16,576,100,21.79
5,17,17,370,98,21.82
5,17,18,169,67,21.43
5,18,6,175,55,9.21
5,18,7,373,88,13.26
5,18,8,568,111,16.27
5,18,9,754,105,18.49
5,18,10,899,95,20.35
5,18,11,1004,63,22
5,18,12,1036,61,23.35
5,18,13,987,104,24.37
5,18,14,903,95,25.07
5,18,15,751,121,25.51
5,18,16,574,112,25.51
5,18,17,369,104,25.13
5,18,18,177,62,24.22
5,19,6,175,59,11.36
5,19,7,372,91,15.15
5,19,8,569,111,17.99
5,19,9,754,104,20.12
5,19,10,895,105,21.98
5,19,11,975,126,23.57
5,19,12,1017,104,24.91
5,19,13,982,115,25.98
5,19,14,904,95,26.67
5,19,15,744,136,27.07
5,19,16,563,133,27.14
5,19,17,369,107,26.79
5,19,18,54,54,25.51
5,20,6,180,59,12.61
5,20,7,381,87,17.07
5,20,8,577,110,19.99
5,20,9,768,95,22.32
5,20,10,923,66,24.19
5,20,11,1001,91,25.75
5,20,12,1039,79,27.18
5,20,13,1009,80,28.24
5,20,14,905,113,28.92
5,20,15,761,119,29.22
5,20,16,587,105,29.21
5,20,17,382,97,28.88
5,20,18,184,62,28.05
5,21,6,181,57,13.79
5,21,7,369,101,17.71
5,21,8,559,133,20.74
5,21,9,748,121,23.1
5,21,10,900,95,25.15
5,21,11,975,125,26.9
5,21,12,1012,115,28.23
5,21,13,977,125,29.14
5,21,14,881,143,29.72
5,21,15,745,135,30.01
5,21,16,569,129,29.99
5,21,17,376,102,29.64
5,21,18,158,87,28.82
5,21,19,10,9,26.64
5,22,6,166,71,16.14
5,22,7,358,108,19.32
5,22,8,555,125,22.22
5,22,9,730,130,24.49
5,22,10,871,127,26.61
5,22,11,964,118,28.19
5,22,12,995,118,29.33
5,22,13,966,118,30.24
5,22,14,880,117,30.8
5,22,15,736,130,31.02
5,22,16,565,120,30.95
5,22,17,362,116,30.55
5,22,18,171,75,29.77
5,22,19,8,8,27.48
5,23,5,3,3,15.33
5,23,6,164,78,15.96
5,23,7,357,116,19.89
5,23,8,549,144,22.7
5,23,9,741,121,24.88
5,23,10,874,135,26.52
5,23,11,972,117,28.11
5,23,12,998,127,29.31
5,23,13,964,137,30.15
5,23,14,884,126,30.7
5,23,15,736,144,30.89
5,23,16,565,129,31.03
5,23,17,369,112,30.34
5,23,18,184,67,29.61
5,23,19,12,11,28.23
5,24,5,7,7,16.59
5,24,6,168,71,17
5,24,7,360,107,18.73
5,24,8,543,139,20.6
5,24,9,727,131,22.48
5,24,10,862,137,24.35
5,24,11,948,139,26.13
5,24,12,979,140,27.79
5,24,13,941,159,29.17
5,24,14,700,359,30.14
5,24,15,480,359,30.78
5,24,16,551,140,30.81
5,24,17,386,81,30.73
5,24,18,67,66,30.1
5,24,19,11,11,28.41
5,25,5,2,2,17.57
5,25,6,165,76,17.87
5,25,7,349,123,19.6
5,25,8,548,136,21.29
5,25,9,736,117,23.22
5,25,10,858,145,25.21
5,25,11,954,129,27.03
5,25,12,980,140,28.34
5,25,13,947,149,29.43
5,25,14,803,245,29.99
5,25,15,598,309,30.18
5,25,16,77,77,29.82
5,25,17,324,159,28.64
5,25,18,59,59,26.25
5,25,19,3,3,21.52
5,26,5,3,3,15.84
5,26,6,49,49,16.38
5,26,7,74,74,16.83
5,26,8,106,106,17.94
5,26,9,617,281,19.65
5,26,10,544,418,21.03
5,26,11,438,409,22.48
5,26,12,748,430,23.64
5,26,13,661,449,25.07
5,26,14,566,419,25.81
5,26,15,710,173,26.57
5,26,16,556,137,26.8
5,26,17,348,136,26.02
5,26,18,151,94,24.93
5,26,19,21,16,24.05
5,27,5,9,9,15.36
5,27,6,178,70,15.75
5,27,7,373,100,18.47
5,27,8,560,129,20.39
5,27,9,735,137,22.07
5,27,10,875,135,23.73
5,27,11,967,127,25.31
5,27,12,998,127,26.65
5,27,13,970,127,27.72
5,27,14,886,126,28.43
5,27,15,748,130,28.82
5,27,16,435,270,28.78
5,27,17,198,179,28.41
5,27,18,197,61,27.68
5,27,19,25,18,26.36
5,28,5,11,10,14.32
5,28,6,184,67,14.88
5,28,7,379,99,17.61
5,28,8,577,112,19.1
5,28,9,748,129,20.87
5,28,10,885,134,22.62
5,28,11,983,115,24.31
5,28,12,1009,126,25.72
5,28,13,976,136,26.8
5,28,14,891,134,27.59
5,28,15,753,136,27.99
5,28,16,582,124,28.08
5,28,17,385,111,27.8
5,28,18,195,69,27.17
5,28,19,27,19,26.03
5,29,5,12,11,14.61
5,29,6,185,69,15.28
5,29,7,383,99,18.19
5,29,8,576,123,19.96
5,29,9,749,135,21.98
5,29,10,886,142,24.01
5,29,11,979,136,25.89
5,29,12,1010,136,27.53
5,29,13,983,136,28.41
5,29,14,893,143,29.25
5,29,15,759,136,29.63
5,29,16,584,129,29.66
5,29,17,387,113,29.34
5,29,18,203,64,28.77
5,29,19,33,18,27.92
5,30,5,11,11,16.4
5,30,6,181,71,16.69
5,30,7,380,97,18.96
5,30,8,571,119,20.75
5,30,9,747,121,22.84
5,30,10,884,125,25.02
5,30,11,967,137,27.12
5,30,12,1003,127,28.96
5,30,13,976,127,30.17
5,30,14,882,144,30.66
5,30,15,729,172,30.9
5,30,16,574,136,30.9
5,30,17,385,111,30.49
5,30,18,175,92,29.91
5,30,19,30,20,28.07
5,31,5,15,13,17.38
5,31,6,182,71,17.9
5,31,7,338,148,19.73
5,31,8,486,226,21.56
5,31,9,550,342,23.36
5,31,10,234,234,25.17
5,31,11,896,253,26.96
5,31,12,983,159,28.57
5,31,13,957,158,29.66
5,31,14,629,414,30.36
5,31,15,67,67,30.54
5,31,16,91,91,27.95
5,31,17,35,35,26.45
5,31,18,24,24,24.94
5,31,19,20,18,23.44
6,1,5,18,15,8.38
6,1,6,182,74,6.87
6,1,7,218,186,5.37
6,1,8,353,280,12.76
6,1,9,338,318,14.09
6,1,10,535,424,15.34
6,1,11,572,462,16.64
6,1,12,195,195,17.28
6,1,13,524,453,18.03
6,1,14,530,426,18.52
6,1,15,624,305,18.8
6,1,16,78,78,19
6,1,17,235,195,18.78
6,1,18,76,75,18.13
6,1,19,29,22,16.97
6,2,5,17,15,10.26
6,2,6,146,97,10.55
6,2,7,172,163,12.67
6,2,8,438,263,14.37
6,2,9,725,160,15.77
6,2,10,768,301,16.81
6,2,11,532,455,18.03
6,2,12,708,463,19.13
6,2,13,865,306,19.84
6,2,14,795,280,20.06
6,2,15,733,168,20.32
6,2,16,556,167,20.07
6,2,17,364,143,19.76
6,2,18,142,107,18.52
6,2,19,34,22,17.96
6,3,5,16,15,9.16
6,3,6,103,92,10.25
6,3,7,376,105,12.8
6,3,8,518,196,14.65
6,3,9,729,153,16
6,3,10,867,155,17.5
6,3,11,778,393,18.58
6,3,12,777,425,19.24
6,3,13,772,403,19.46
6,3,14,702,377,19.73
6,3,15,711,206,20.21
6,3,16,548,179,20.32
6,3,17,262,199,20.12
6,3,18,145,107,19.76
6,3,19,16,16,18.93
6,4,5,19,16,11.61
6,4,6,108,94,11.99
6,4,7,338,152,13.78
6,4,8,564,131,15.45
6,4,9,713,179,17.45
6,4,10,868,155,19.02
6,4,11,959,150,20.04
6,4,12,964,201,21.14
6,4,13,907,247,21.69
6,4,14,788,293,21.96
6,4,15,695,228,22.42
6,4,16,487,247,22.05
6,4,17,223,193,21.98
6,4,18,85,83,21.4
6,4,19,16,16,20.13
6,5,5,11,11,10.88
6,5,6,77,75,11.93
6,5,7,173,164,15.02
6,5,8,276,255,17.06
6,5,9,405,350,18.45
6,5,10,290,289,19.36
6,5,11,466,427,19.88
6,5,12,534,464,20.13
6,5,13,361,355,19.68
6,5,14,102,102,18.66
6,5,15,136,136,17.03
6,5,16,425,283,17.73
6,5,17,379,132,17.42
6,5,18,62,62,17.26
6,5,19,39,24,16.7
6,6,5,27,18,8.92
6,6,6,189,69,9.49
6,6,7,377,105,11.78
6,6,8,571,121,13.9
6,6,9,746,124,15.6
6,6,10,873,146,17.15
6,6,11,960,150,18.62
6,6,12,991,150,19.93
6,6,13,966,150,21.16
6,6,14,880,156,22.1
6,6,15,689,239,22.5
6,6,16,527,212,22.53
6,6,17,377,137,22.15
6,6,18,205,77,21.27
6,6,19,41,25,19.98
6,7,5,23,18,9.71
6,7,6,121,99,10.2
6,7,7,292,184,11.82
6,7,8,562,137,13.53
6,7,9,738,138,15.36
6,7,10,868,155,17.2
6,7,11,955,160,18.85
6,7,12,992,151,20.3
6,7,13,934,206,21.55
6,7,14,790,293,22.19
6,7,15,739,168,22.29
6,7,16,547,189,22.18
6,7,17,397,111,21.54
6,7,18,172,105,20.42
6,7,19,44,25,19.05
6,8,5,3,3,9.22
6,8,6,195,62,9.69
6,8,7,353,137,10.95
6,8,8,519,196,12.27
6,8,9,261,258,13.48
6,8,10,164,164,14.5
6,8,11,144,144,14.22
6,8,12,261,261,14.37
6,8,13,806,377,14.46
6,8,14,155,155,14.61
6,8,15,647,292,15.87
6,8,16,422,287,15.64
6,8,17,276,203,15.72
6,8,18,45,45,15.25
6,8,19,5,5,15.59
6,9,5,20,17,9.82
6,9,6,30,30,10.12
6,9,7,121,121,10.4
6,9,8,237,229,10.74
6,9,9,296,288,11.38
6,9,10,443,399,12.76
6,9,11,237,237,13.07
6,9,12,498,450,13.77
6,9,13,811,372,13.96
6,9,14,720,368,14.07
6,9,15,708,218,14.65
6,9,16,312,277,14.9
6,9,17,260,204,14.98
6,9,18,133,110,14.62
6,9,19,44,26,13.71
6,10,5,18,16,9.89
6,10,6,31,31,10.63
6,10,7,384,96,12.66
6,10,8,93,93,14.17
6,10,10,150,150,16.96
6,10,11,157,157,17.34
6,10,12,785,422,17.93
6,10,13,791,392,18.29
6,10,14,175,175,18.76
6,10,15,754,147,18.89
6,10,16,401,292,19.13
6,10,17,46,46,19.12
6,10,18,220,67,18.86
6,10,19,30,26,17.48
6,11,5,29,19,10.71
6,11,6,186,74,11.36
6,11,7,378,105,13.71
6,11,8,574,115,15.82
6,11,9,671,241,17.53
6,11,10,802,259,18.82
6,11,11,334,331,19.62
6,11,12,403,390,20.3
6,11,13,838,345,20.88
6,11,14,883,155,21.42
6,11,15,377,344,22.05
6,11,16,377,294,21.27
6,11,17,377,147,20.06
6,11,18,43,43,19.3
6,11,19,22,21,18.15
6,12,5,28,19,11.81
6,12,6,184,76,12.29
6,12,7,374,111,14.94
6,12,8,568,126,16.83
6,12,9,734,146,18.28
6,12,10,732,342,19.71
6,12,11,816,360,21.21
6,12,12,955,219,22.22
6,12,13,766,413,22.67
6,12,14,783,305,23.09
6,12,15,695,241,23.39
6,12,16,581,149,23.45
6,12,17,308,199,22.96
6,12,18,220,72,22.43
6,12,19,46,29,21.16
6,13,5,29,19,9.88
6,13,6,189,71,11.12
6,13,7,378,105,14.78
6,13,8,568,126,16.98
6,13,9,738,139,18.94
6,13,10,863,163,20.84
6,13,11,955,159,22.53
6,13,12,983,171,23.98
6,13,13,859,320,24.94
6,13,14,479,417,25.36
6,13,15,410,359,25.72
6,13,16,92,92,25.72
6,13,17,83,83,25.48
6,13,18,127,110,24.97
6,13,19,4,4,23.71
6,14,5,30,18,11.77
6,14,6,192,67,12.26
6,14,7,378,106,15.48
6,14,8,576,109,18.09
6,14,9,713,179,20.18
6,14,10,834,211,21.96
6,14,11,960,149,23.55
6,14,12,983,171,24.98
6,14,13,948,188,26.1
6,14,14,861,198,26.9
6,14,15,766,133,27.36
6,14,16,587,145,27.54
6,14,17,404,116,27.36
6,14,18,107,100,26.71
6,14,19,44,31,25.1
6,15,5,28,19,14.17
6,15,6,84,81,14.48
6,15,7,107,107,16.32
6,15,8,302,267,18.56
6,15,9,178,178,20.39
6,15,10,633,408,22.57
6,15,11,189,189,23.99
6,15,12,705,466,24.59
6,15,13,730,437,24.76
6,15,14,771,323,25.18
6,15,15,754,155,25.47
6,15,16,600,123,25.55
6,15,17,392,135,25.03
6,15,18,204,93,24.22
6,15,19,53,28,22.5
6,16,5,26,19,14.06
6,16,6,186,75,14.63
6,16,7,334,155,15.8
6,16,8,548,155,16.4
6,16,9,709,186,17.83
6,16,10,853,180,18.77
6,16,11,888,270,20.01
6,16,12,716,462,21.12
6,16,13,813,373,21.59
6,16,14,761,333,19.43
6,16,15,379,346,19.77
6,16,16,186,186,20.62
6,16,17,45,45,20.03
6,16,18,115,105,19.47
6,16,19,48,31,17.63
6,17,5,30,18,11.55
6,17,6,191,67,12.1
6,17,7,383,96,13.44
6,17,8,517,195,15.03
6,17,9,637,277,16.94
6,17,10,782,283,18.24
6,17,11,651,461,18.88
6,17,12,668,477,19.51
6,17,13,694,454,20.31
6,17,14,767,328,21.55
6,17,15,571,354,22.56
6,17,16,582,155,23.14
6,17,17,418,99,23.14
6,17,18,224,74,22.83
6,17,19,55,29,21.62
6,18,5,28,18,11.5
6,18,6,187,72,12.13
6,18,7,374,108,14.89
6,18,8,566,126,17.5
6,18,9,744,124,19.7
6,18,10,871,145,21.67
6,18,11,960,150,23.27
6,18,12,994,151,24.57
6,18,13,970,149,25.62
6,18,14,892,147,26.44
6,18,15,769,133,26.96
6,18,16,603,123,27.15
6,18,17,421,95,26.99
6,18,18,225,75,26.43
6,18,19,55,29,25.17
6,19,5,28,18,13.78
6,19,6,182,76,14.66
6,19,7,373,108,18.37
6,19,8,565,126,21.17
6,19,9,739,131,23.39
6,19,10,875,136,25.34
6,19,11,959,149,26.86
6,19,12,993,150,27.96
6,19,13,970,149,28.78
6,19,14,892,146,29.35
6,19,15,769,132,29.66
6,19,16,604,123,29.62
6,19,17,422,95,29.32
6,19,18,222,79,28.62
6,19,19,52,32,27.11
6,20,5,26,18,14.17
6,20,6,183,75,15.19
6,20,7,373,108,19.32
6,20,8,564,125,22.57
6,20,9,739,131,24.83
6,20,10,870,145,26.87
6,20,11,959,149,28.54
6,20,12,999,140,29.82
6,20,13,971,150,30.69
6,20,14,892,146,31.25
6,20,15,766,141,31.57
6,20,16,601,129,31.56
6,20,17,414,110,31.2
6,20,18,216,88,30.48
6,20,19,49,33,28.84
6,21,5,14,13,17.06
6,21,6,159,92,17.95
6,21,7,360,125,21.43
6,21,8,551,145,23.17
6,21,9,718,166,24.75
6,21,10,865,154,26.58
6,21,11,881,276,28.43
6,21,12,993,150,30.17
6,21,13,877,301,31.04
6,21,14,123,123,31.4
6,21,15,130,130,31.6
6,21,16,283,264,31.64
6,21,17,323,199,31.42
6,21,18,117,107,30.93
6,21,19,12,12,29.87
6,22,5,24,17,18.52
6,22,6,179,76,18.84
6,22,7,369,110,20.98
6,22,8,560,131,22.96
6,22,9,733,138,25.06
6,22,10,865,155,27.16
6,22,11,953,159,29.13
6,22,12,988,161,30.8
6,22,13,971,150,32.15
6,22,14,888,155,33.08
6,22,15,771,133,33.61
6,22,16,605,123,33.75
6,22,17,420,103,33.56
6,22,18,219,85,33.04
6,22,19,50,33,31.4
6,23,5,24,18,19.14
6,23,6,168,86,19.54
6,23,7,348,135,21.61
6,23,8,498,211,23.5
6,23,9,705,185,25.43
6,23,10,789,271,27.08
6,23,11,926,205,28.39
6,23,12,662,477,29.3
6,23,13,420,401,29.46
6,23,14,562,434,29.08
6,23,15,287,282,27.7
6,23,16,222,219,25.95
6,23,17,200,186,24.15
6,23,18,171,116,21.75
6,23,19,52,33,23.57
6,24,5,26,17,16.23
6,24,6,181,73,16.73
6,24,7,373,101,17.32
6,24,8,564,120,18.64
6,24,9,740,124,20.64
6,24,10,877,127,22.3
6,24,11,931,196,23.42
6,24,12,891,312,24.13
6,24,13,955,179,25.22
6,24,14,711,381,25.78
6,24,15,573,355,26.05
6,24,16,528,229,26.78
6,24,17,392,144,26.94
6,24,18,220,85,26.68
6,24,19,55,32,25.97
6,25,5,24,16,16.72
6,25,6,181,72,17.3
6,25,7,372,101,19.91
6,25,8,563,120,22.25
6,25,9,743,116,24.3
6,25,10,867,145,25.91
6,25,11,957,149,27.26
6,25,12,992,150,28.39
6,25,13,981,129,29.3
6,25,14,903,128,30.02
6,25,15,780,117,30.48
6,25,16,607,123,30.65
6,25,17,421,103,30.49
6,25,18,221,86,30.13
6,25,19,54,33,29.17
6,26,5,22,16,18.67
6,26,6,174,77,19.1
6,26,7,359,118,21.65
6,26,8,556,130,23.48
6,26,9,726,145,25.34
6,26,10,857,162,27.19
6,26,11,951,159,29.05
6,26,12,987,161,30.68
6,26,13,965,159,31.85
6,26,14,884,165,32.42
6,26,15,763,147,32.73
6,26,16,601,135,32.76
6,26,17,412,117,32.48
6,26,18,221,86,31.66
6,26,19,54,33,29.89
6,27,5,22,16,19.23
6,27,6,174,76,19.53
6,27,7,358,118,20.75
6,27,8,552,135,22.81
6,27,9,725,145,25.06
6,27,10,861,154,27.09
6,27,11,951,159,28.77
6,27,12,986,160,30.03
6,27,13,965,159,31
6,27,14,889,156,31.75
6,27,15,768,140,32.2
6,27,16,601,135,32.34
6,27,17,393,144,32.2
6,27,18,215,92,31.58
6,27,19,53,33,30.41
6,28,5,21,16,19.14
6,28,6,171,78,19.47
6,28,7,359,115,21.47
6,28,8,554,130,23.5
6,28,9,736,123,25.46
6,28,10,865,145,27.45
6,28,11,950,159,29.23
6,28,12,986,160,30.66
6,28,13,970,149,31.68
6,28,14,889,156,32.42
6,28,15,768,140,32.84
6,28,16,601,135,32.95
6,28,17,413,117,32.73
6,28,18,214,93,32.27
6,28,19,51,34,31.25
6,29,5,14,13,19.73
6,29,6,127,95,19.97
6,29,7,303,169,22.52
6,29,8,529,166,24.08
6,29,9,720,152,26.05
6,29,10,850,171,28.03
6,29,11,944,168,30.11
6,29,12,986,161,31.87
6,29,13,949,189,33.05
6,29,14,879,173,33.78
6,29,15,755,162,34.1
6,29,16,591,150,34.2
6,29,17,404,130,33.92
6,29,18,196,108,33.04
6,29,19,31,29,30.94
6,30,5,21,15,19.57
6,30,6,167,78,20.08
6,30,7,353,120,22.03
6,30,8,543,144,24.07
6,30,9,719,152,26.27
6,30,10,849,170,28.36
6,30,11,933,187,30.29
6,30,12,974,180,31.93
6,30,13,959,169,33.01
6,30,14,884,165,33.59
6,30,15,739,190,33.84
6,30,16,494,262,34.01
6,30,17,361,176,32.48
6,30,18,170,118,30.95
6,30,19,44,34,29.42
7,1,5,2,2,14.12
7,1,6,126,95,12.6
7,1,7,169,160,11.07
7,1,8,558,121,17.09
7,1,9,734,128,18.72
7,1,10,792,264,20.33
7,1,11,875,284,21.83
7,1,12,978,180,23.12
7,1,13,963,169,24.17
7,1,14,868,198,24.96
7,1,15,777,130,25.46
7,1,16,622,101,25.6
7,1,17,429,96,25.36
7,1,18,232,73,24.82
7,1,19,59,30,23.86
7,2,5,18,13,13.89
7,2,6,174,69,14.32
7,2,7,370,93,15.88
7,2,8,560,116,18.13
7,2,9,729,135,20.31
7,2,10,871,134,22.44
7,2,11,962,137,24.29
7,2,12,1005,128,25.91
7,2,13,989,117,26.9
7,2,14,902,135,28.01
7,2,15,773,138,28.61
7,2,16,612,120,29.07
7,2,17,424,103,28.98
7,2,18,231,75,28.54
7,2,19,61,28,27.8
7,3,5,20,13,16.26
7,3,6,171,71,16.72
7,3,7,361,105,20.47
7,3,8,553,127,22.94
7,3,9,720,149,25.3
7,3,10,861,153,27.71
7,3,11,962,138,29.73
7,3,12,752,445,31
7,3,13,952,188,31.75
7,3,14,878,181,32.28
7,3,15,401,357,32.26
7,3,16,490,267,32.02
7,3,17,390,150,31.57
7,3,18,206,101,31.07
7,3,19,22,22,29.92
7,4,5,14,12,18.58
7,4,6,175,64,18.75
7,4,7,365,96,21.69
7,4,8,557,115,23.65
7,4,9,731,128,25.33
7,4,10,869,134,26.94
7,4,11,961,138,28.37
7,4,12,998,139,29.61
7,4,13,978,138,30.66
7,4,14,872,189,31.19
7,4,15,622,329,31.57
7,4,16,553,208,31.45
7,4,17,208,192,30.95
7,4,18,220,87,30.08
7,4,19,55,31,28.52
7,5,5,16,12,17.69
7,5,6,174,62,17.93
7,5,7,370,87,19.32
7,5,8,565,100,20.84
7,5,9,737,112,22.46
7,5,10,877,115,23.99
7,5,11,970,116,25.42
7,5,12,1008,117,26.62
7,5,13,983,128,27.63
7,5,14,906,126,28.38
7,5,15,776,130,28.61
7,5,16,612,120,28.77
7,5,17,426,99,28.32
7,5,18,230,75,27.4
7,5,19,58,31,25.64
7,6,5,14,11,16.02
7,6,6,173,62,16.32
7,6,7,364,92,18
7,6,8,555,116,19.7
7,6,9,728,127,21.35
7,6,10,867,134,22.93
7,6,11,959,137,24.67
7,6,12,997,139,26.16
7,6,13,972,149,27.35
7,6,14,891,154,28.42
7,6,15,776,130,29.11
7,6,16,612,120,29.29
7,6,17,426,100,29.08
7,6,18,231,74,28.54
7,6,19,58,29,27.65
7,7,6,174,58,17.42
7,7,7,367,87,20.02
7,7,8,559,105,22.35
7,7,9,727,128,24.32
7,7,10,866,134,26.09
7,7,11,958,137,27.68
7,7,12,996,138,28.98
7,7,13,977,139,29.91
7,7,14,906,126,30.45
7,7,15,771,138,30.59
7,7,16,614,114,30.26
7,7,17,425,99,29.5
7,7,18,233,70,28.34
7,7,19,58,29,27
7,8,6,172,58,15.88
7,8,7,357,98,18.54
7,8,8,549,121,20.85
7,8,9,706,162,22.73
7,8,10,865,134,24.56
7,8,11,952,147,26.45
7,8,12,990,149,28.15
7,8,13,971,149,29.51
7,8,14,896,145,30.45
7,8,15,767,146,31.01
7,8,16,611,120,31.15
7,8,17,422,103,30.78
7,8,18,230,74,29.94
7,8,19,57,29,28.66
7,9,6,169,60,17.88
7,9,7,357,95,20.15
7,9,8,550,115,22.98
7,9,9,724,127,25.16
7,9,10,864,134,26.83
7,9,11,951,147,28.28
7,9,12,995,139,29.45
7,9,13,975,138,30.37
7,9,14,905,126,31
7,9,15,770,138,31.28
7,9,16,613,114,31.15
7,9,17,424,99,30.57
7,9,18,229,73,29.56
7,9,19,56,29,28.02
7,10,6,166,61,17.07
7,10,7,356,95,19.38
7,10,8,542,125,21.31
7,10,9,715,142,23.22
7,10,10,853,152,24.96
7,10,11,950,147,26.53
7,10,12,989,150,27.83
7,10,13,964,158,28.77
7,10,14,909,116,29.43
7,10,15,782,114,29.69
7,10,16,616,108,29.56
7,10,17,428,92,29
7,10,18,232,68,28.05
7,10,19,55,29,27.2
7,11,6,164,60,16.84
7,11,7,354,95,19.18
7,11,8,547,115,21.5
7,11,9,721,127,23.66
7,11,10,861,134,25.53
7,11,11,955,138,27.05
7,11,12,988,149,28.33
7,11,13,974,138,29.29
7,11,14,894,145,29.92
7,11,15,765,146,30.17
7,11,16,606,126,29.84
7,11,17,418,107,28.87
7,11,18,221,81,26.81
7,11,19,51,29,24.55
7,12,6,161,62,16.46
7,12,7,352,94,18.33
7,12,8,542,120,20.55
7,12,9,728,113,22.96
7,12,10,874,106,25.09
7,12,11,969,106,27.11
7,12,12,1008,105,28.77
7,12,13,984,117,30.07
7,12,14,908,117,30.99
7,12,15,777,122,31.57
7,12,16,615,108,31.74
7,12,17,421,98,31.56
7,12,18,227,71,30.97
7,12,19,52,29,29.79
7,13,6,160,61,17.58
7,13,7,350,94,20.36
7,13,8,540,119,23.71
7,13,9,714,134,26.26
7,13,10,849,151,28.34
7,13,11,942,157,30.14
7,13,12,981,160,31.72
7,13,13,957,169,32.88
7,13,14,882,162,33.7
7,13,15,759,153,34.07
7,13,16,597,137,33.93
7,13,17,409,116,33.32
7,13,18,217,83,32.28
7,13,19,46,29,30.74
7,14,6,159,58,18.86
7,14,7,354,85,19.75
7,14,8,550,99,21.13
7,14,9,724,112,22.74
7,14,10,862,125,24.29
7,14,11,957,128,25.98
7,14,12,991,139,27.52
7,14,13,977,128,28.67
7,14,14,896,135,29.45
7,14,15,767,138,29.86
7,14,16,603,126,29.95
7,14,17,413,110,29.68
7,14,18,212,87,29.02
7,14,19,44,29,27.97
7,15,6,155,61,16.04
7,15,7,343,100,17.31
7,15,8,528,134,19.37
7,15,9,711,134,21.67
7,15,10,852,143,23.63
7,15,11,940,157,25.6
7,15,12,984,149,27.25
7,15,13,966,149,28.54
7,15,14,876,172,29.59
7,15,15,766,138,30.3
7,15,16,605,119,30.65
7,15,17,416,102,30.62
7,15,18,222,74,30.23
7,15,19,49,27,29.21
7,16,6,82,75,18.03
7,16,7,172,158,19.29
7,16,8,474,201,21.28
7,16,9,710,134,23.09
7,16,10,850,142,25.13
7,16,11,949,137,27.14
7,16,12,983,149,28.95
7,16,13,965,149,30.43
7,16,14,895,136,31.54
7,16,15,765,138,32.23
7,16,16,604,119,32.54
7,16,17,413,106,32.5
7,16,18,218,77,32.11
7,16,19,46,27,31.23
7,17,6,149,61,20.66
7,17,7,339,99,22.59
7,17,8,530,124,24.79
7,17,9,693,161,26.85
7,17,10,844,151,28.87
7,17,11,943,148,30.74
7,17,12,977,160,32.31
7,17,13,953,168,33.51
7,17,14,889,145,34.35
7,17,15,764,138,34.87
7,17,16,603,119,35.04
7,17,17,414,102,34.85
7,17,18,220,72,34.34
7,17,19,48,25,33.31
7,18,6,148,60,20.61
7,18,7,338,95,23
7,18,8,531,118,25.22
7,18,9,707,134,27.41
7,18,10,852,134,29.66
7,18,11,942,148,31.87
7,18,12,986,138,33.71
7,18,13,968,138,34.88
7,18,14,893,136,35.55
7,18,15,759,145,35.91
7,18,16,595,131,35.99
7,18,17,405,112,35.82
7,18,18,211,80,35.24
7,18,19,42,27,33.93
7,19,6,144,61,20.3
7,19,7,333,101,23.59
7,19,8,524,129,26.92
7,19,9,697,147,29.55
7,19,10,846,142,31.75
7,19,11,945,137,33.7
7,19,12,991,128,35.23
7,19,13,951,168,36.25
7,19,14,891,135,36.78
7,19,15,736,180,36.98
7,19,16,465,273,36.84
7,19,17,386,136,36.38
7,19,18,194,96,35.54
7,19,19,38,27,34.02
7,20,6,133,68,19.3
7,20,7,323,110,22.29
7,20,8,519,133,25.4
7,20,9,695,146,27.68
7,20,10,835,159,29.62
7,20,11,939,147,31.23
7,20,12,979,149,32.48
7,20,13,955,158,33.31
7,20,14,886,145,33.85
7,20,15,756,145,34.07
7,20,16,593,131,34.05
7,20,17,405,109,33.83
7,20,18,212,76,33.13
7,20,19,38,25,31.83
7,21,6,143,58,20.01
7,21,7,334,92,21.39
7,21,8,529,114,23.55
7,21,9,701,133,25.84
7,21,10,852,125,27.88
7,21,11,953,117,29.61
7,21,12,988,128,30.92
7,21,13,975,117,32.11
7,21,14,894,126,32.91
7,21,15,759,137,33.51
7,21,16,578,152,33.55
7,21,17,398,114,33.35
7,21,18,171,106,32.6
7,21,19,31,25,31.59
7,22,6,132,64,19.72
7,22,7,328,97,20.97
7,22,8,509,141,23.09
7,22,9,631,235,25.23
7,22,10,782,239,27.13
7,22,11,905,202,28.95
7,22,12,955,189,30.67
7,22,13,942,177,32.11
7,22,14,873,162,33.24
7,22,15,749,152,33.96
7,22,16,586,135,34.3
7,22,17,394,117,34.28
7,22,18,182,98,33.81
7,22,19,23,21,32.58
7,23,6,141,53,19.34
7,23,7,335,83,20.76
7,23,8,530,103,22.8
7,23,9,702,126,25.02
7,23,10,844,133,27.25
7,23,11,940,137,29.23
7,23,12,980,138,30.92
7,23,13,962,138,32.27
7,23,14,896,116,33.28
7,23,15,760,129,33.93
7,23,16,597,113,34.18
7,23,17,406,97,34.07
7,23,18,209,69,33.64
7,23,19,37,22,32.92
7,24,6,131,60,19.48
7,24,7,320,101,20.35
7,24,8,514,127,21.98
7,24,9,688,146,23.99
7,24,10,829,159,26.14
7,24,11,928,156,28.35
7,24,12,963,169,30.43
7,24,13,945,168,32.14
7,24,14,880,144,33.36
7,24,15,746,151,33.96
7,24,16,580,141,34.24
7,24,17,400,104,33.92
7,24,18,201,78,33.4
7,24,19,35,21,31.84
7,25,6,117,68,20.73
7,25,7,308,114,23.3
7,25,8,509,131,25.46
7,25,9,694,133,27.54
7,25,10,804,198,29.63
7,25,11,917,176,31.41
7,25,12,962,169,32.53
7,25,13,938,177,33.38
7,25,14,864,170,33.71
7,25,15,732,172,33.91
7,25,16,565,161,33.83
7,25,17,374,136,32.72
7,25,18,173,98,26.83
7,25,19,29,21,31.21
7,26,6,123,62,21.13
7,26,7,312,105,21.66
7,26,8,507,131,23.76
7,26,9,681,152,25.98
7,26,10,821,167,28.28
7,26,11,905,193,30.38
7,26,12,971,149,32.06
7,26,13,947,158,33.11
7,26,14,863,171,33.85
7,26,15,580,337,33.98
7,26,16,560,164,34.17
7,26,17,380,125,32.42
7,26,18,142,106,30.85
7,26,19,22,19,29.57
7,27,6,119,63,20.92
7,27,7,312,103,21.16
7,27,8,511,122,23.12
7,27,9,687,140,25.17
7,27,10,833,142,27.34
7,27,11,929,147,29.06
7,27,12,953,178,30.31
7,27,13,941,168,31.35
7,27,14,800,266,30.62
7,27,15,709,203,30.9
7,27,16,558,163,30.41
7,27,17,334,172,28.97
7,27,18,134,104,28.36
7,27,19,32,18,26.69
7,28,6,122,58,18.44
7,28,7,309,101,19.9
7,28,8,514,112,21.71
7,28,9,689,133,23.58
7,28,10,827,150,25.37
7,28,11,897,202,26.84
7,28,12,941,197,28.21
7,28,13,944,157,28.94
7,28,14,859,170,29.73
7,28,15,783,67,29.93
7,28,16,531,197,29.59
7,28,17,361,142,28.71
7,28,18,193,74,27.98
7,28,19,25,18,26.67
7,29,6,121,56,17.75
7,29,7,314,92,20.55
7,29,8,509,117,22.95
7,29,9,687,133,25.09
7,29,10,825,150,27.07
7,29,11,926,147,28.54
7,29,12,961,159,29.69
7,29,13,948,148,30.64
7,29,14,872,144,31.36
7,29,15,742,144,31.79
7,29,16,579,123,31.84
7,29,17,389,103,31.61
7,29,18,194,70,31.05
7,29,19,26,17,30.01
7,30,6,118,55,17.38
7,30,7,310,94,20.65
7,30,8,507,117,24.03
7,30,9,681,139,26.55
7,30,10,823,149,28.97
7,30,11,919,156,30.71
7,30,12,965,149,31.98
7,30,13,951,137,32.96
7,30,14,875,135,33.68
7,30,15,744,137,34.07
7,30,16,577,123,34.11
7,30,17,384,106,33.75
7,30,18,190,70,32.97
7,30,19,21,15,31.68
7,31,6,120,51,19.78
7,31,7,309,91,21.65
7,31,8,507,111,25.25
7,31,9,679,139,28.19
7,31,10,817,158,30.33
7,31,11,912,165,31.84
7,31,12,947,178,33.09
7,31,13,929,177,34.09
7,31,14,859,162,34.82
7,31,15,725,164,35.1
7,31,16,568,133,33.65
7,31,17,375,114,32.76
7,31,18,183,74,31.87
7,31,19,18,14,30.99
8,1,6,97,64,21.21
8,1,7,268,134,20.33
8,1,8,472,159,25.48
8,1,9,668,149,27.27
8,1,10,818,148,28.96
8,1,11,933,115,30.58
8,1,12,968,125,31.9
8,1,13,955,115,32.88
8,1,14,869,133,33.45
8,1,15,730,149,33.24
8,1,16,494,224,32.92
8,1,17,357,134,32.2
8,1,18,164,89,31.06
8,1,19,13,12,29.69
8,2,6,111,54,17.42
8,2,7,309,85,20.29
8,2,8,508,100,23.25
8,2,9,688,109,25.64
8,2,10,834,114,27.67
8,2,11,941,94,29.43
8,2,12,982,93,30.93
8,2,13,963,93,32.02
8,2,14,885,94,32.77
8,2,15,752,104,33.15
8,2,16,579,105,33.21
8,2,17,385,90,32.92
8,2,18,187,65,32.34
8,2,19,15,13,31.13
8,3,6,113,51,19.49
8,3,7,305,87,20.69
8,3,8,500,109,22.8
8,3,9,679,123,25
8,3,10,827,122,27.05
8,3,11,934,104,29.15
8,3,12,970,115,31.13
8,3,13,956,104,32.78
8,3,14,874,114,33.98
8,3,15,741,119,34.65
8,3,16,567,121,34.83
8,3,17,368,112,34.55
8,3,18,173,76,33.85
8,3,19,12,11,32.31
8,4,6,103,55,19.16
8,4,7,287,105,22.04
8,4,8,487,127,24.68
8,4,9,673,129,27.15
8,4,10,816,138,29.81
8,4,11,922,124,32.31
8,4,12,958,136,34.38
8,4,13,944,125,35.79
8,4,14,863,133,36.69
8,4,15,723,148,37.21
8,4,16,549,146,37.61
8,4,17,351,130,37.09
8,4,18,149,90,36.62
8,4,19,10,10,35.15
8,5,6,10,10,24.55
8,5,7,42,42,25.05
8,5,8,68,68,28.54
8,5,9,103,103,30.88
8,5,10,546,395,32.79
8,5,11,911,144,34.41
8,5,12,971,104,35.27
8,5,13,942,125,32.77
8,5,14,77,77,30.88
8,5,15,189,189,31.72
8,5,16,65,65,31.96
8,5,17,274,183,30.6
8,5,18,116,93,29.77
8,6,6,112,42,18.79
8,6,7,294,91,20.07
8,6,8,504,90,21.52
8,6,9,684,103,22.81
8,6,10,830,104,24.21
8,6,11,928,104,25.11
8,6,12,944,156,26.25
8,6,13,904,191,26.88
8,6,14,812,212,28.09
8,6,15,706,168,28.61
8,6,16,480,223,28.92
8,6,17,350,124,28.69
8,6,18,144,88,27.77
8,7,6,90,56,17.83
8,7,7,260,125,18.89
8,7,8,499,95,20.47
8,7,9,660,142,22.26
8,7,10,815,130,23.81
8,7,11,926,104,25.24
8,7,12,947,146,26.62
8,7,13,913,173,27.75
8,7,14,832,174,28.31
8,7,15,720,141,28.42
8,7,16,550,130,28.53
8,7,17,360,104,28.46
8,7,18,155,78,27.9
8,8,6,87,55,15.85
8,8,7,289,90,16.47
8,8,8,478,126,17.95
8,8,9,668,122,19.83
8,8,10,813,130,21.71
8,8,11,919,114,23.4
8,8,12,960,115,24.83
8,8,13,941,115,25.97
8,8,14,867,104,26.83
8,8,15,733,111,27.39
8,8,16,559,109,27.63
8,8,17,359,101,27.43
8,8,18,159,70,26.99
8,9,6,100,46,16.05
8,9,7,291,82,17.01
8,9,8,492,100,19.1
8,9,9,670,116,21.23
8,9,10,815,122,23.25
8,9,11,917,114,25.25
8,9,12,953,125,26.89
8,9,13,939,115,28.05
8,9,14,865,105,29.02
8,9,15,734,104,29.65
8,9,16,559,104,29.9
8,9,17,362,92,29.77
8,9,18,160,67,29.27
8,10,6,98,43,16.96
8,10,7,286,87,17.94
8,10,8,479,117,20.18
8,10,9,660,128,22.1
8,10,10,800,147,24.02
8,10,11,905,134,26.02
8,10,12,946,136,27.63
8,10,13,911,163,29.01
8,10,14,858,114,29.99
8,10,15,731,104,30.54
8,10,16,562,93,30.68
8,10,17,320,140,30.49
8,10,18,132,82,29.94
8,11,6,93,46,16.51
8,11,7,278,92,18.75
8,11,8,477,117,21.78
8,11,9,654,135,24.09
8,11,10,802,138,26.25
8,11,11,908,124,28.07
8,11,12,938,145,29.27
8,11,13,919,145,30.02
8,11,14,846,132,30.58
8,11,15,712,132,30.77
8,11,16,544,119,30.49
8,11,17,349,99,30.1
8,11,18,152,65,29.28
8,12,6,91,44,18.05
8,12,7,285,79,19.12
8,12,8,469,125,21.26
8,12,9,574,243,23.14
8,12,10,813,113,24.73
8,12,11,911,115,26.04
8,12,12,936,145,27.07
8,12,13,926,125,28.03
8,12,14,848,123,28.38
8,12,15,713,125,28.53
8,12,16,525,142,28.48
8,12,17,172,159,28.01
8,12,18,144,69,27.42
8,13,6,85,46,17.17
8,13,7,276,87,18.45
8,13,8,474,112,20.56
8,13,9,650,135,22.6
8,13,10,798,138,24.63
8,13,11,899,134,26.57
8,13,12,939,135,28.01
8,13,13,825,286,28.84
8,13,14,817,173,29.4
8,13,15,706,132,29.74
8,13,16,531,128,29.86
8,13,17,338,104,29.44
8,13,18,126,77,28.61
8,14,6,85,43,17.68
8,14,7,274,87,19.55
8,14,8,464,124,22.15
8,14,9,651,128,24.35
8,14,10,796,138,26.22
8,14,11,897,134,27.58
8,14,12,931,145,28.68
8,14,13,921,125,29.53
8,14,14,842,123,30.2
8,14,15,707,125,30.52
8,14,16,533,118,30.44
8,14,17,344,90,30.04
8,14,18,147,56,29.19
8,15,6,85,40,17.68
8,15,7,277,78,19.51
8,15,8,474,102,21.75
8,15,9,649,128,23.74
8,15,10,793,138,25.61
8,15,11,889,143,27.26
8,15,12,929,145,28.57
8,15,13,918,124,29.48
8,15,14,843,113,29.97
8,15,15,704,125,30.02
8,15,16,536,108,29.5
8,15,17,344,83,28.66
8,15,18,144,54,27.59
8,16,6,84,38,16.62
8,16,7,273,80,17.4
8,16,8,469,107,18.95
8,16,9,643,134,20.57
8,16,10,782,153,22.05
8,16,11,887,143,23.49
8,16,12,921,154,24.81
8,16,13,911,135,25.97
8,16,14,840,113,26.83
8,16,15,704,118,27.32
8,16,16,532,108,27.53
8,16,17,336,88,27.34
8,16,18,137,58,26.86
8,17,6,56,45,15.78
8,17,7,185,138,16.05
8,17,8,381,205,17.37
8,17,9,428,316,18.67
8,17,10,780,153,20.02
8,17,11,875,161,21.94
8,17,12,919,155,24.11
8,17,13,903,144,25.98
8,17,14,810,164,27.25
8,17,15,685,144,28.02
8,17,16,520,122,28.35
8,17,17,323,101,28.21
8,17,18,135,54,27.7
8,18,6,70,42,16.84
8,18,7,252,99,18.74
8,18,8,459,115,20.61
8,18,9,642,128,22.57
8,18,10,782,146,24.53
8,18,11,882,143,26.76
8,18,12,911,163,28.6
8,18,13,905,134,29.88
8,18,14,825,131,30.8
8,18,15,690,132,31.29
8,18,16,440,215,31.42
8,18,17,281,142,31.18
8,18,18,117,66,30.6
8,19,6,74,37,17.08
8,19,7,262,83,18.02
8,19,8,459,110,19.96
8,19,9,632,139,21.89
8,19,10,784,138,23.73
8,19,11,865,169,25.38
8,19,12,898,181,26.71
8,19,13,892,153,27.71
8,19,14,817,139,28.38
8,19,15,686,131,28.7
8,19,16,512,121,28.61
8,19,17,315,99,28.07
8,19,18,122,58,27.13
8,20,6,73,36,14.14
8,20,7,261,80,14.76
8,20,8,454,114,16.46
8,20,9,630,140,18.62
8,20,10,768,160,20.79
8,20,11,863,169,22.8
8,20,12,931,115,24.51
8,20,13,894,143,25.96
8,20,14,819,131,27.19
8,20,15,686,124,27.98
8,20,16,514,112,28.28
8,20,17,316,91,28.11
8,20,18,120,55,27.33
8,21,6,71,35,14.58
8,21,7,257,82,14.82
8,21,8,454,110,15.97
8,21,9,664,70,17.63
8,21,10,815,63,19.36
8,21,11,850,185,20.9
8,21,12,874,214,21.98
8,21,13,857,204,23.01
8,21,14,779,193,23.2
8,21,15,642,190,23.3
8,21,16,416,222,22.56
8,21,17,275,133,21.74
8,21,18,119,50,20.74
8,22,6,69,33,11.14
8,22,7,260,74,12.06
8,22,8,456,101,14.05
8,22,9,638,114,16.15
8,22,10,776,137,18.09
8,22,11,773,295,19.99
8,22,12,728,383,21.79
8,22,13,826,247,22.7
8,22,14,772,198,22.88
8,22,15,652,167,22.72
8,22,16,505,110,22.25
8,22,17,306,93,22.22
8,22,18,108,56,21.7
8,23,6,63,36,12.79
8,23,7,253,79,13.97
8,23,8,461,89,16.43
8,23,9,626,133,18.47
8,23,10,756,166,20.29
8,23,11,832,208,21.66
8,23,12,829,272,22.11
8,23,13,851,203,22.96
8,23,14,747,231,23.75
8,23,15,562,273,23.86
8,23,16,485,137,24
8,23,17,307,85,23.7
8,23,18,107,51,23.31
8,24,6,27,26,14.82
8,24,7,51,51,15.13
8,24,8,111,111,16.29
8,24,9,339,297,17.97
8,24,10,667,287,19.92
8,24,11,787,269,22.06
8,24,12,792,315,23.26
8,24,13,791,285,24.4
8,24,14,532,389,24.68
8,24,15,426,329,25.39
8,24,16,289,243,25.48
8,24,17,82,82,25.73
8,24,18,74,58,25.44
8,25,6,31,29,14.46
8,25,7,136,121,15.49
8,25,8,202,191,15.52
8,25,9,92,92,15.61
8,25,10,110,110,16.65
8,25,11,166,166,17.66
8,25,12,127,127,20.21
8,25,13,102,102,21.86
8,25,14,517,389,22.87
8,25,15,352,311,24.14
8,25,16,276,238,25.42
8,25,17,49,49,26.21
8,25,18,107,41,24.96
8,26,6,42,34,16.31
8,26,7,152,125,18.22
8,26,8,367,194,20.05
8,26,9,567,206,22.59
8,26,10,658,289,24.79
8,26,11,842,176,26.75
8,26,12,723,375,28.31
8,26,13,804,258,29.36
8,26,14,775,169,29.87
8,26,15,644,154,30.49
8,26,16,409,206,30.74
8,26,17,179,147,30.06
8,26,18,100,44,28.57
8,27,6,45,33,18.38
8,27,7,152,124,20
8,27,8,405,154,22.73
8,27,9,561,209,24.74
8,27,10,230,230,26.48
8,27,11,793,248,28.48
8,27,12,567,436,30.29
8,27,13,735,336,31.79
8,27,14,784,146,32.98
8,27,15,608,200,33.58
8,27,16,54,54,33.73
8,27,17,247,128,33.3
8,28,6,46,32,18.89
8,28,7,217,101,20.07
8,28,8,416,135,23.79
8,28,9,595,159,25.55
8,28,10,743,165,27.19
8,28,11,845,159,28.38
8,28,12,882,162,29.27
8,28,13,839,193,30.03
8,28,14,772,161,30.42
8,28,15,625,170,30.57
8,28,16,450,150,30.52
8,28,17,253,117,30.13
8,28,18,76,49,29.08
8,29,6,49,29,17.57
8,29,7,233,82,17.95
8,29,8,428,115,19.86
8,29,9,599,148,21.37
8,29,10,740,165,22.59
8,29,11,828,183,23.59
8,29,12,864,187,24.45
8,29,13,850,168,25.26
8,29,14,781,138,25.67
8,29,15,646,129,26
8,29,16,469,116,25.97
8,29,17,274,87,25.47
8,29,18,87,39,24.53
8,30,6,45,28,15.61
8,30,7,226,85,16.13
8,30,8,420,121,17.25
8,30,9,597,148,18.55
8,30,10,738,165,19.95
8,30,11,830,175,21.45
8,30,12,861,187,22.85
8,30,13,851,160,23.92
8,30,14,768,153,24.9
8,30,15,641,128,25.2
8,30,16,414,181,24.99
8,30,17,220,132,24.9
8,30,18,68,45,24.01
8,31,6,45,27,12.01
8,31,7,229,79,12.59
8,31,8,420,118,14.4
8,31,9,600,136,16.55
8,31,10,735,165,18.72
8,31,11,822,183,20.73
8,31,12,853,195,22.39
8,31,13,847,159,23.75
8,31,14,772,137,24.74
8,31,15,637,128,25.34
8,31,16,462,111,24.14
8,31,17,266,84,23.5
8,31,18,74,39,22.86
9,1,6,24,22,15.21
9,1,7,125,111,14.58
9,1,8,181,175,19.89
9,1,9,617,106,21.82
9,1,10,760,119,23.54
9,1,11,869,94,24.77
9,1,12,816,253,25.56
9,1,13,473,406,26.51
9,1,14,680,272,27.46
9,1,15,618,156,27.62
9,1,16,437,142,27.72
9,1,17,226,120,27.3
9,1,18,56,41,26.73
9,2,6,38,26,17.23
9,2,7,220,83,18.37
9,2,8,422,110,20.29
9,2,9,591,146,22.11
9,2,10,724,177,24.17
9,2,11,815,189,25.98
9,2,12,698,375,27.17
9,2,13,742,305,27.88
9,2,14,535,369,28.45
9,2,15,617,149,28.66
9,2,16,413,166,28.6
9,2,17,240,103,28.1
9,2,18,69,33,27.18
9,3,6,37,24,16.42
9,3,7,212,87,17.21
9,3,8,421,105,18.9
9,3,9,602,124,20.56
9,3,10,738,149,22.17
9,3,11,844,131,23.5
9,3,12,899,94,24.65
9,3,13,854,132,25.36
9,3,14,738,179,25.92
9,3,15,629,119,26.09
9,3,16,440,124,25.74
9,3,17,236,99,25.06
9,3,18,50,37,23.94
9,4,6,27,22,15.29
9,4,7,187,105,16.05
9,4,8,413,112,17.54
9,4,9,599,124,19.34
9,4,10,755,111,20.86
9,4,11,846,123,22.22
9,4,12,78,78,23.64
9,4,13,840,149,24.86
9,4,14,775,103,24.6
9,4,15,628,113,21.98
9,4,16,444,108,20.74
9,4,17,249,78,21.28
9,4,18,58,32,20.95
9,5,6,34,22,13.25
9,5,7,177,107,13.98
9,5,8,370,162,15.61
9,5,9,582,144,17.45
9,5,10,748,119,19.39
9,5,11,847,114,21.33
9,5,12,877,123,22.87
9,5,13,859,104,23.72
9,5,14,701,220,24.45
9,5,15,536,234,24.69
9,5,16,432,119,24.52
9,5,17,139,121,24.14
9,5,18,37,31,23.66
9,6,6,24,20,14.68
9,6,7,225,59,15.56
9,6,8,408,112,17.21
9,6,9,596,117,18.85
9,6,10,744,119,20.7
9,6,11,852,95,22.21
9,6,12,892,85,23.31
9,6,13,841,131,23.87
9,6,14,709,201,24.3
9,6,15,588,163,24.19
9,6,16,420,129,24.01
9,6,17,219,97,23.62
9,6,18,45,30,22.79
9,7,6,24,19,15.17
9,7,7,222,59,16.14
9,7,8,356,169,17.72
9,7,9,602,99,19.11
9,7,10,757,87,20.85
9,7,11,853,86,22.3
9,7,12,865,132,23.73
9,7,13,733,289,24.88
9,7,14,636,286,25.49
9,7,15,331,288,25.97
9,7,16,168,164,25.62
9,7,17,122,111,24.96
9,7,18,48,25,23.46
9,8,6,14,13,14.97
9,8,7,212,67,14.61
9,8,8,413,93,16.89
9,8,9,593,111,19.2
9,8,10,742,111,21.38
9,8,11,854,77,23.29
9,8,12,884,85,24.88
9,8,13,855,86,26.13
9,8,14,760,95,27.01
9,8,15,611,106,27.45
9,8,16,424,106,27.51
9,8,17,226,78,27.12
9,8,18,40,25,26.34
9,9,6,27,16,13.31
9,9,7,201,76,13.98
9,9,8,324,186,17.74
9,9,9,533,196,20.29
9,9,10,714,154,22.5
9,9,11,801,171,24.39
9,9,12,686,358,25.89
9,9,13,659,351,26.98
9,9,14,723,155,27.48
9,9,15,535,211,27.54
9,9,16,238,205,27.06
9,9,17,144,115,26.16
9,9,18,25,22,25.16
9,10,6,21,16,14.65
9,10,7,207,65,16.56
9,10,8,398,106,19.28
9,10,9,407,283,21.41
9,10,10,656,234,23.11
9,10,11,634,360,24.59
9,10,12,765,270,25.75
9,10,13,806,164,26.73
9,10,14,706,174,27.37
9,10,15,543,194,27.76
9,10,16,422,90,27.73
9,10,17,220,69,27.38
9,10,18,27,21,26.43
9,11,6,24,14,15.32
9,11,7,202,67,15.64
9,11,8,403,92,19.2
9,11,9,586,105,21.82
9,11,10,731,111,24.2
9,11,11,824,113,25.96
9,11,12,853,123,27.29
9,11,13,832,104,28.34
9,11,14,749,87,29.04
9,11,15,598,99,29.38
9,11,16,426,70,29.32
9,11,17,212,71,28.77
9,11,18,28,19,27.68
9,12,6,14,12,17.1
9,12,7,135,104,17.78
9,12,8,230,194,20.28
9,12,9,440,266,21.85
9,12,10,311,297,22.94
9,12,11,286,283,24.29
9,12,12,518,409,25.1
9,12,13,762,219,25.98
9,12,14,725,126,26.57
9,12,15,577,127,26.73
9,12,16,376,139,26.56
9,12,17,202,75,25.91
9,12,18,20,16,24.93
9,13,6,6,6,16.6
9,13,7,43,43,15.96
9,13,8,207,185,16.18
9,13,9,263,247,17.69
9,13,10,412,344,19.31
9,13,11,795,155,20.85
9,13,12,722,305,22.33
9,13,13,749,231,23.37
9,13,14,688,179,23.95
9,13,15,578,116,24
9,13,16,392,109,23.6
9,13,17,161,101,23.02
9,13,18,16,14,22.07
9,14,6,17,11,15
9,14,7,190,69,14.83
9,14,8,383,108,15.56
9,14,9,564,127,16.97
9,14,10,647,226,18.15
9,14,11,782,169,19.6
9,14,12,782,223,21
9,14,13,801,139,22.19
9,14,14,722,110,23.11
9,14,15,572,115,23.41
9,14,16,388,105,23.42
9,14,17,182,83,23.17
9,14,18,13,13,22.17
9,15,7,180,77,14.03
9,15,8,347,149,15.08
9,15,9,429,263,16.48
9,15,10,442,346,17.79
9,15,11,384,354,18.62
9,15,12,461,394,18.65
9,15,13,448,381,18.47
9,15,14,183,183,18.74
9,15,15,146,146,18.04
9,15,16,112,112,16.84
9,15,17,82,79,15.49
9,16,7,124,98,16.08
9,16,8,249,192,16.48
9,16,9,306,267,17.24
9,16,10,534,321,17.8
9,16,11,416,369,18.26
9,16,12,331,322,18.2
9,16,13,260,259,17.98
9,16,14,233,232,17.74
9,16,15,504,197,17.37
9,16,16,130,129,17.24
9,16,17,87,82,16.51
9,17,7,185,62,9.85
9,17,8,384,90,11.92
9,17,9,562,109,13.66
9,17,10,698,132,15.38
9,17,11,745,209,16.88
9,17,12,720,285,18.39
9,17,13,405,363,19.16
9,17,14,616,246,19.65
9,17,15,463,232,19.48
9,17,16,303,173,19.54
9,17,17,127,94,19.03
9,18,7,181,63,9.19
9,18,8,378,93,12.66
9,18,9,556,115,15.15
9,18,10,690,138,17.17
9,18,11,779,145,18.69
9,18,12,809,147,19.95
9,18,13,781,137,20.91
9,18,14,693,124,21.6
9,18,15,550,114,21.98
9,18,16,366,102,22
9,18,17,173,65,21.65
9,19,7,176,65,11.17
9,19,8,373,96,14.33
9,19,9,549,119,16.9
9,19,10,690,131,18.86
9,19,11,779,137,20.63
9,19,12,804,147,22.07
9,19,13,776,137,23.05
9,19,14,695,109,23.73
9,19,15,547,108,24.11
9,19,16,360,101,24.13
9,19,17,168,62,23.73
9,20,7,173,64,10.92
9,20,8,368,99,15.35
9,20,9,543,125,18.38
9,20,10,686,131,20.76
9,20,11,771,145,22.71
9,20,12,800,147,24.18
9,20,13,771,136,25.17
9,20,14,690,110,25.86
9,20,15,539,113,26.19
9,20,16,353,103,26.16
9,20,17,160,64,25.67
9,21,7,171,63,11.45
9,21,8,364,98,16.26
9,21,9,542,119,19.87
9,21,10,682,131,22.46
9,21,11,771,137,24.32
9,21,12,791,155,25.62
9,21,13,758,152,26.57
9,21,14,674,130,27.25
9,21,15,527,122,27.58
9,21,16,343,108,27.54
9,21,17,154,63,26.99
9,22,7,167,63,12.95
9,22,8,361,98,16.28
9,22,9,538,118,19.8
9,22,10,670,143,22.21
9,22,11,758,152,23.99
9,22,12,782,162,25.4
9,22,13,761,136,26.47
9,22,14,679,110,27.15
9,22,15,527,112,27.44
9,22,16,341,101,27.27
9,22,17,150,60,26.56
9,23,7,158,69,13.19
9,23,8,322,140,15.43
9,23,9,474,201,17.48
9,23,10,612,223,19.42
9,23,11,646,296,21.12
9,23,12,555,378,22.5
9,23,13,625,309,23.56
9,23,14,616,202,24.4
9,23,15,465,190,24.84
9,23,16,216,172,24.89
9,23,17,117,76,24.42
9,24,7,156,66,11.67
9,24,8,354,97,14.91
9,24,9,531,118,17.27
9,24,10,673,123,19.52
9,24,11,757,136,21.7
9,24,12,776,153,23.56
9,24,13,759,120,25.08
9,24,14,657,129,26.23
9,24,15,516,112,26.93
9,24,16,348,71,27.13
9,24,17,138,59,26.75
9,25,7,154,64,13.86
9,25,8,346,102,17.44
9,25,9,521,127,20.66
9,25,10,658,142,23.21
9,25,11,740,157,25.09
9,25,12,759,175,26.5
9,25,13,721,178,27.29
9,25,14,641,147,27.54
9,25,15,381,242,27.6
9,25,16,258,158,27.23
9,25,17,104,72,26.64
9,26,7,73,69,13.82
9,26,8,285,160,17.22
9,26,9,511,135,20.08
9,26,10,615,202,22.82
9,26,11,732,165,24.46
9,26,12,708,242,25.57
9,26,13,644,273,26.39
9,26,14,624,163,26.8
9,26,15,301,248,26.63
9,26,16,116,115,26.36
9,26,17,60,57,25.8
9,27,7,148,63,13.49
9,27,8,341,98,17.23
9,27,9,516,121,20.36
9,27,10,653,135,22.75
9,27,11,735,149,24.61
9,27,12,745,181,26.05
9,27,13,406,350,26.65
9,27,14,84,84,27.14
9,27,15,88,88,27.24
9,27,16,294,120,26.85
9,27,17,117,59,25.36
9,28,7,147,61,13.28
9,28,8,334,103,15.42
9,28,9,504,135,17.39
9,28,10,642,147,19.28
9,28,11,727,157,21.01
9,28,12,720,212,22.3
9,28,13,611,293,23.15
9,28,14,463,303,23.58
9,28,15,466,150,23.87
9,28,16,48,48,23.56
9,28,17,117,54,22.7
9,29,7,144,58,11.98
9,29,8,334,97,14.51
9,29,9,508,121,16.2
9,29,10,641,140,17.94
9,29,11,726,149,19.56
9,29,12,743,165,20.91
9,29,13,712,155,21.71
9,29,14,561,225,22.42
9,29,15,397,213,22.45
9,29,16,247,145,22.29
9,29,17,117,46,21.49
9,30,7,39,39,12.55
9,30,8,289,143,14.02
9,30,9,351,251,15.55
9,30,10,623,164,17.07
9,30,12,706,215,19.55
9,30,13,687,185,20.39
9,30,14,613,144,21.34
9,30,15,452,151,21.34
9,30,16,194,153,20.53
9,30,17,112,44,19.54
10,1,7,139,50,5.57
10,1,8,329,85,11.27
10,1,9,507,98,13.85
10,1,10,652,93,15.71
10,1,11,738,95,17.24
10,1,12,768,87,18.45
10,1,13,726,95,19.36
10,1,14,624,99,20
10,1,15,472,101,20.37
10,1,16,291,80,20.35
10,1,17,103,40,19.75
10,2,7,116,67,9.9
10,2,8,301,118,12.63
10,2,9,449,176,15.01
10,2,10,623,137,16.62
10,2,11,714,132,18.03
10,2,12,738,134,19.3
10,2,13,659,199,20.27
10,2,14,572,175,20.79
10,2,15,438,142,20.93
10,2,16,270,100,20.75
10,2,17,97,39,20.04
10,3,7,131,50,9.53
10,3,8,316,92,12.89
10,3,9,491,112,16.05
10,3,10,629,119,18.14
10,3,11,709,132,19.69
10,3,12,737,126,20.86
10,3,13,695,131,21.59
10,3,14,606,111,21.99
10,3,15,457,103,22.05
10,3,16,278,81,21.7
10,3,17,88,41,20.75
10,4,7,129,48,9.39
10,4,8,318,84,13.25
10,4,9,497,93,16.67
10,4,10,635,100,18.8
10,4,11,712,118,20.34
10,4,12,736,119,21.43
10,4,13,701,109,22.09
10,4,14,600,110,22.46
10,4,15,451,103,22.51
10,4,16,272,79,22.18
10,4,17,84,40,21.44
10,5,7,123,50,10.41
10,5,8,310,88,14.01
10,5,9,485,107,17.17
10,5,10,623,112,18.99
10,5,11,703,124,20.63
10,5,12,726,125,22.07
10,5,13,692,117,23.09
10,5,14,598,105,23.71
10,5,15,448,98,23.9
10,5,16,268,77,23.66
10,5,17,79,37,22.75
10,6,7,117,52,12.99
10,6,8,298,100,14.5
10,6,9,470,123,17.48
10,6,10,601,141,19.51
10,6,11,645,208,20.99
10,6,12,670,207,21.91
10,6,13,631,205,22.38
10,6,14,494,237,22.5
10,6,15,406,149,22.25
10,6,16,231,111,21.63
10,6,17,64,42,20.66
10,7,7,110,54,12.52
10,7,8,279,115,15.42
10,7,9,466,123,18.23
10,7,10,610,117,20.09
10,7,11,693,124,21.76
10,7,12,716,125,23.19
10,7,13,677,123,24.34
10,7,14,589,98,25.1
10,7,15,434,101,25.4
10,7,16,243,93,25.19
10,7,17,70,35,24.31
10,8,7,101,57,15.96
10,8,8,293,93,16.84
10,8,9,375,214,20.07
10,8,10,629,74,22.15
10,8,11,692,117,23.72
10,8,12,706,132,24.92
10,8,13,675,116,25.82
10,8,14,549,155,26.34
10,8,15,428,101,26.47
10,8,16,251,74,26.11
10,8,17,63,34,24.82
10,9,7,113,43,13.71
10,9,8,296,83,16.4
10,9,9,472,96,19.43
10,9,10,607,105,21.53
10,9,11,690,109,23.27
10,9,12,709,118,24.63
10,9,13,666,122,25.52
10,9,14,571,109,26.06
10,9,15,425,97,26.01
10,9,16,245,73,25.62
10,9,17,60,31,24.55
10,10,7,104,47,15.44
10,10,8,229,142,17.48
10,10,9,425,158,19.87
10,10,10,564,168,21.68
10,10,11,451,331,23.12
10,10,12,541,314,24.25
10,10,13,449,320,24.91
10,10,14,465,237,24.97
10,10,15,329,193,24.7
10,10,16,231,85,23.99
10,10,17,42,33,23.1
10,11,7,94,51,15.04
10,11,8,302,61,16.18
10,11,9,453,112,17.39
10,11,10,572,149,18.73
10,11,11,589,244,19.61
10,11,12,690,131,20.4
10,11,13,647,134,20.86
10,11,14,547,129,21.03
10,11,15,430,64,20.95
10,11,16,21,21,20.26
10,11,17,36,30,18.91
10,12,7,47,45,13.42
10,12,8,244,125,14.65
10,12,9,265,222,16.27
10,12,10,431,278,17.29
10,12,11,336,304,17.94
10,12,12,62,62,18.59
10,12,13,327,296,18.84
10,12,14,337,271,18.59
10,12,15,396,112,17.54
10,12,16,204,97,16.6
10,12,17,51,24,16.21
10,13,7,98,42,9.52
10,13,8,280,81,11.48
10,13,9,454,95,13.83
10,13,10,588,104,15.54
10,13,11,662,122,17.03
10,13,12,664,156,18.12
10,13,13,584,211,18.85
10,13,14,542,118,19.35
10,13,15,341,168,19.54
10,13,16,195,100,19.24
10,13,17,43,25,18.37
10,14,7,98,37,9.67
10,14,8,271,87,11.61
10,14,9,445,103,13.64
10,14,10,570,126,15.28
10,14,11,628,168,16.69
10,14,12,327,302,17.43
10,14,13,424,312,17.5
10,14,14,417,248,17.65
10,14,15,296,191,17.81
10,14,16,102,96,17.1
10,14,17,32,24,15.95
10,15,7,92,38,5.67
10,15,8,272,80,7.67
10,15,9,443,99,9.65
10,15,10,578,104,11.38
10,15,11,652,122,12.93
10,15,12,672,123,14.16
10,15,13,632,120,14.99
10,15,14,536,106,15.67
10,15,15,388,96,16.21
10,15,16,212,69,15.97
10,15,17,35,22,15.4
10,16,7,76,47,8.4
10,16,8,186,136,9.19
10,16,9,436,102,11.9
10,16,10,560,125,13.76
10,16,11,604,187,15.23
10,16,12,591,234,16.56
10,16,13,565,210,17.56
10,16,14,411,242,18.09
10,16,15,362,125,18.36
10,16,16,203,72,18.13
10,16,17,27,20,17.02
10,17,7,83,39,8.52
10,17,8,258,87,10.21
10,17,9,426,109,13.56
10,17,10,555,124,15.72
10,17,11,630,138,17.33
10,17,12,654,135,18.46
10,17,13,610,137,19.28
10,17,14,485,165,19.96
10,17,15,373,101,20.36
10,17,16,199,70,20.31
10,17,17,28,17,19.01
10,18,7,28,28,11.06
10,18,8,23,23,12.69
10,18,9,131,131,14.58
10,18,10,50,50,16.14
10,18,11,141,141,17.68
10,18,12,236,233,18.66
10,18,13,261,251,18.83
10,18,14,114,114,19.28
10,18,15,114,114,19.53
10,18,16,122,101,18.8
10,18,17,17,15,16.98
10,19,7,56,43,9.27
10,19,8,123,115,9.67
10,19,9,246,207,10.39
10,19,10,210,206,11.34
10,19,11,117,117,12.44
10,19,12,425,318,13.18
10,19,13,125,125,13.68
10,19,14,228,217,14.06
10,19,15,230,184,14.23
10,19,16,129,100,13.94
10,19,17,20,14,13.61
10,20,7,31,30,9.69
10,20,8,30,30,10.44
10,20,9,152,150,11.7
10,20,10,118,118,13.31
10,20,11,486,281,14.46
10,20,12,634,139,15.49
10,20,13,314,281,16.59
10,20,14,407,224,17.39
10,20,15,353,105,17.57
10,20,16,193,56,17.43
10,20,17,13,13,16.62
10,21,7,50,39,9.93
10,21,8,90,89,10.9
10,21,9,170,165,11.98
10,21,10,87,87,12.95
10,21,11,174,174,13.21
10,21,12,186,186,13.73
10,21,13,199,198,13.88
10,21,14,201,196,14.38
10,21,15,221,178,14.77
10,21,16,17,17,15.18
10,22,7,48,38,7.92
10,22,8,178,124,9.08
10,22,9,355,165,11.74
10,22,10,542,101,13.73
10,22,11,625,101,15.32
10,22,12,644,101,16.57
10,22,13,596,111,17.48
10,22,14,497,103,18.05
10,22,15,336,110,18.34
10,22,16,183,55,17.91
10,23,7,63,31,9.3
10,23,8,237,76,10.91
10,23,9,405,95,14.4
10,23,10,537,101,16.41
10,23,11,613,113,17.96
10,23,12,635,107,19.2
10,23,13,587,117,20.02
10,23,14,492,103,20.52
10,23,15,343,94,20.66
10,23,16,172,61,20.32
10,24,7,36,32,11.01
10,24,8,77,77,12.13
10,24,9,184,174,14.69
10,24,10,251,233,16.21
10,24,11,327,286,17.27
10,24,12,475,287,18.03
10,24,13,330,280,18.58
10,24,14,125,125,18.85
10,24,15,71,71,18.95
10,24,16,47,47,18.28
10,25,7,6,6,12.16
10,25,8,20,20,12.47
10,25,9,171,164,13.42
10,25,10,439,214,14.17
10,25,11,511,235,15.08
10,25,12,414,303,16.16
10,25,13,247,237,16.82
10,25,14,142,142,16.92
10,25,15,88,88,16.4
10,25,16,48,48,14.65
10,26,7,38,31,10.82
10,26,8,201,98,11.3
10,26,9,347,151,12.33
10,26,10,371,250,13.31
10,26,11,375,292,14.02
10,26,12,407,300,14.95
10,26,13,346,280,15.53
10,26,14,465,118,15.87
10,26,15,198,165,15.53
10,26,16,93,81,15.38
10,27,7,40,29,9.3
10,27,8,90,88,10.91
10,27,9,114,114,12.67
10,27,10,417,222,13.92
10,27,11,53,53,13.89
10,27,12,202,201,13.66
10,27,13,210,207,13.91
10,27,14,465,110,13.85
10,27,15,328,82,13.42
10,27,16,152,60,12.46
10,28,7,46,26,1.77
10,28,8,211,78,3.44
10,28,9,373,105,5.46
10,28,10,501,119,6.85
10,28,11,573,132,8.21
10,28,12,595,129,9.48
10,28,13,551,130,10.29
10,28,14,458,114,10.8
10,28,15,315,96,10.94
10,28,16,148,58,10.7
10,29,7,42,24,2.07
10,29,8,209,74,3.51
10,29,9,372,98,5.84
10,29,10,496,118,7.82
10,29,11,587,99,9.41
10,29,12,603,106,10.69
10,29,13,549,125,11.6
10,29,14,455,109,12.11
10,29,15,308,97,12.23
10,29,16,140,61,11.86
10,30,7,10,10,5.26
10,30,8,42,42,5.36
10,30,9,53,53,5.84
10,30,10,44,44,6.12
10,30,11,104,104,6.66
10,30,12,76,76,7.28
10,30,13,56,56,8.12
10,30,14,40,40,8.31
10,30,15,63,63,8.17
10,30,16,63,61,8.2
10,31,7,36,22,4.65
10,31,8,205,66,5
10,31,9,371,84,7.43
10,31,10,480,125,8.74
10,31,11,534,168,9.69
10,31,12,386,288,10.49
10,31,13,353,269,10.78
10,31,14,348,208,11.27
10,31,15,180,152,11.28
10,31,16,59,57,9.56
11,1,7,32,23,3
11,1,8,207,68,4.72
11,1,9,374,87,6.87
11,1,10,504,96,8.58
11,1,11,588,91,10.33
11,1,12,616,71,11.91
11,1,13,558,100,12.82
11,1,14,460,92,12.97
11,1,15,280,123,13.16
11,1,16,115,72,13
11,2,7,17,16,9.82
11,2,8,200,65,10.38
11,2,9,349,106,11.17
11,2,10,476,120,12.37
11,2,11,495,205,14.01
11,2,12,448,264,15.32
11,2,13,422,243,16.27
11,2,14,177,173,16.81
11,2,15,318,52,16.67
11,2,16,123,62,16.11
11,3,7,30,19,3.89
11,3,8,200,66,5.37
11,3,9,358,99,8.32
11,3,10,487,109,10.43
11,3,11,566,112,12.06
11,3,12,588,109,13.5
11,3,13,540,115,14.63
11,3,14,454,87,15.44
11,3,15,297,90,15.74
11,3,16,132,52,15.44
11,4,7,23,18,3.59
11,4,8,158,97,5.55
11,4,9,379,52,8.35
11,4,10,475,117,10.54
11,4,11,563,107,12.36
11,4,12,587,96,13.68
11,4,13,534,116,14.62
11,4,14,440,99,15.11
11,4,15,290,92,15.06
11,4,16,133,45,14.57
11,5,7,3,3,8.44
11,5,8,99,91,7.69
11,5,9,218,178,7.56
11,5,10,160,159,7.87
11,5,11,215,211,8.54
11,5,12,331,279,9.43
11,5,13,325,263,9.55
11,5,14,365,188,9.29
11,5,15,76,76,8.96
11,5,16,76,66,8.5
11,6,7,19,15,4.9
11,6,8,191,52,5.52
11,6,9,227,174,6.58
11,6,10,465,108,7.89
11,6,11,540,118,9.18
11,6,12,558,120,9.28
11,6,13,501,142,9.53
11,6,14,244,208,9.71
11,6,15,127,121,9.63
11,6,16,64,59,9.45
11,7,7,8,8,8.76
11,7,8,37,37,8.78
11,7,9,94,94,8.75
11,7,10,191,186,9.06
11,7,11,257,240,9.73
11,7,12,543,147,11.33
11,7,13,518,118,12.27
11,7,14,58,58,12.8
11,7,15,204,145,12.81
11,7,16,83,64,12.3
11,8,7,5,5,6.43
11,8,8,52,52,7.43
11,8,9,127,125,8.24
11,8,10,211,199,9.3
11,8,11,356,264,10.15
11,8,12,317,268,11.25
11,8,13,263,237,11.66
11,8,14,136,136,11.78
11,8,15,175,141,11.93
11,8,16,45,44,11.5
11,9,8,176,60,4.67
11,9,9,335,91,6.46
11,9,10,469,92,7.96
11,9,11,552,88,9.48
11,9,12,571,88,10.65
11,9,13,521,102,11.75
11,9,14,417,104,12.29
11,9,15,261,102,12.09
11,9,16,91,59,11.46
11,10,8,91,82,9.79
11,10,9,158,146,10.24
11,10,10,140,140,10.61
11,10,11,302,253,10.71
11,10,12,146,146,11.04
11,10,13,266,235,11.17
11,10,14,251,202,11.28
11,10,15,223,122,11.48
11,10,16,66,56,11.79
11,11,8,137,81,11.23
11,11,9,140,134,11.47
11,11,10,403,156,12.26
11,11,11,426,222,13.4
11,11,12,307,260,14.36
11,11,13,451,170,14.9
11,11,14,116,116,15.24
11,11,15,182,135,15.28
11,11,16,60,53,15.15
11,12,8,94,81,9.23
11,12,9,57,57,10.27
11,12,10,44,44,10.64
11,12,11,77,77,10.94
11,12,12,291,253,11.19
11,12,13,283,239,11.61
11,12,14,221,192,12.11
11,12,15,134,122,12.49
11,12,16,104,38,12.25
11,13,8,159,52,7.84
11,13,9,329,55,11.17
11,13,10,406,142,13.53
11,13,11,534,61,15.19
11,13,12,534,101,16.48
11,13,13,502,83,17.42
11,13,14,374,127,17.92
11,13,15,258,78,18.01
11,13,16,96,44,17.43
11,14,8,151,54,9.37
11,14,9,269,126,10.52
11,14,10,367,174,11.76
11,14,11,510,90,12.78
11,14,12,284,248,13.48
11,14,13,450,150,14.18
11,14,14,372,118,14.8
11,14,15,182,129,15.17
11,14,16,32,32,14.72
11,15,8,156,42,10
11,15,9,197,153,10.92
11,15,10,342,191,12.23
11,15,11,467,154,13.26
11,15,12,501,134,13.74
11,15,13,243,221,14.12
11,15,14,205,183,14.42
11,15,15,192,126,14.25
11,15,16,9,9,14.08
11,16,8,122,71,9.2
11,16,9,65,65,10.39
11,16,10,236,204,11.41
11,16,11,171,170,11.66
11,16,12,145,145,12.13
11,16,13,241,219,12.81
11,16,14,79,79,12.98
11,16,15,247,74,13.01
11,16,16,12,12,13.02
11,17,8,113,73,10.9
11,17,9,290,89,11.3
11,17,10,416,98,11.77
11,17,11,497,98,12.68
11,17,12,455,188,13.56
11,17,13,372,217,14.06
11,17,14,126,126,14.49
11,17,15,240,80,14.43
11,17,16,52,46,13.99
11,18,8,101,73,9.44
11,18,9,129,123,10.04
11,18,10,73,73,10.99
11,18,11,75,75,11.51
11,18,12,101,101,12.03
11,18,13,183,179,12.09
11,18,14,161,155,11.93
11,18,15,43,43,11.64
11,18,16,12,12,10.68
11,19,8,93,71,8.38
11,19,9,171,144,9.05
11,19,10,401,108,9.82
11,19,11,491,92,10.47
11,19,12,338,249,11.26
11,19,13,275,229,11.76
11,19,14,45,45,12.28
11,19,15,71,71,12.45
11,19,16,32,32,12.2
11,20,8,64,60,7.8
11,20,9,89,89,8.35
11,20,10,55,55,8.86
11,20,11,44,44,9.52
11,20,12,414,221,10.15
11,20,13,438,152,10.01
11,20,14,386,81,10.04
11,20,15,83,83,9.75
11,20,16,69,44,9.14
11,21,8,139,37,6.8
11,21,9,250,120,7.32
11,21,10,113,113,8.17
11,21,11,124,124,8.85
11,21,12,307,250,9.45
11,21,13,228,211,9.78
11,21,14,379,88,9.88
11,21,15,102,99,9.63
11,21,16,7,7,9.08
11,22,8,47,46,4.8
11,22,9,183,141,6.4
11,22,10,301,192,7.41
11,22,11,190,185,8.14
11,22,12,220,210,8.5
11,22,13,184,179,9.34
11,22,14,183,168,9.46
11,22,15,108,102,9.36
11,22,16,40,37,9.15
11,23,8,127,44,6.27
11,23,9,282,74,7.05
11,23,10,415,74,8.21
11,23,11,489,89,9.07
11,23,12,480,140,9.7
11,23,13,423,159,10.27
11,23,14,348,124,10.34
11,23,15,235,72,10.13
11,23,16,76,37,9.62
11,24,8,56,53,4.01
11,24,9,138,126,5.55
11,24,10,65,65,7.03
11,24,11,168,166,8.18
11,24,12,245,224,8.67
11,24,13,315,224,9.11
11,24,14,211,179,9.21
11,24,15,208,97,9.23
11,24,16,43,39,8.85
11,25,8,90,60,8.25
11,25,9,231,114,8.98
11,25,10,324,166,10.02
11,25,11,282,229,10.81
11,25,12,334,238,11.71
11,25,13,443,106,12.68
11,25,14,363,81,13.4
11,25,15,226,70,13.51
11,25,16,59,40,12.83
11,26,8,80,60,6.23
11,26,9,175,135,6.79
11,26,10,344,151,7.44
11,26,11,461,111,9.14
11,26,12,450,160,10.57
11,26,13,241,213,11.03
11,26,14,282,170,11.22
11,26,15,228,70,11.18
11,26,16,69,36,10.61
11,27,8,94,56,3.84
11,27,9,220,121,4.98
11,27,10,406,61,7.64
11,27,11,471,92,9.36
11,27,12,494,95,10.61
11,27,13,427,137,11.55
11,27,14,334,126,12.13
11,27,15,200,99,12.23
11,27,16,65,37,11.48
11,28,8,111,43,2.49
11,28,9,267,74,4.46
11,28,10,398,87,7.8
11,28,11,502,46,9.64
11,28,12,526,46,10.99
11,28,13,448,119,11.92
11,28,14,322,146,12.38
11,28,15,147,118,12.31
11,28,16,62,39,11.52
11,29,8,97,47,0.51
11,29,9,254,75,3.5
11,29,10,383,85,6.76
11,29,11,461,93,8.96
11,29,12,491,80,10.53
11,29,13,469,51,11.58
11,29,14,284,163,12.06
11,29,15,110,102,11.98
11,29,16,25,25,11.04
11,30,8,55,50,3.84
11,30,9,250,80,5.78
11,30,10,378,94,7.55
11,30,11,471,77,8.54
11,30,12,495,79,9.45
11,30,13,439,111,10.13
11,30,14,281,167,10.36
11,30,15,222,72,10.27
11,30,16,64,35,8.32
12,1,8,106,26,-0.55
12,1,9,225,99,2.19
12,1,10,376,79,4.61
12,1,11,457,83,6.12
12,1,12,122,122,7.4
12,1,13,411,135,7.42
12,1,14,310,136,6.65
12,1,15,223,61,6.18
12,1,16,74,21,5.43
12,2,8,79,49,-0.33
12,2,9,148,123,1.45
12,2,10,196,175,3.38
12,2,11,212,198,5.18
12,2,12,241,218,5.97
12,2,13,217,199,6.49
12,2,14,218,175,6.85
12,2,15,235,35,6.77
12,2,16,57,35,6.1
12,3,8,100,26,-2.15
12,3,9,243,66,0.71
12,3,10,368,82,3.28
12,3,11,448,87,4.87
12,3,12,472,90,6.06
12,3,13,443,77,6.88
12,3,14,353,72,7.26
12,3,15,220,60,7.16
12,3,16,71,22,6.32
12,4,8,96,27,-2.12
12,4,9,242,64,1.01
12,4,10,367,78,4.23
12,4,11,448,82,6.25
12,4,12,469,89,7.5
12,4,13,439,82,8.36
12,4,14,352,73,8.86
12,4,15,219,60,8.92
12,4,16,67,26,8.13
12,5,8,92,28,-1.97
12,5,9,239,63,0.96
12,5,10,362,81,4.16
12,5,11,445,82,6.33
12,5,12,470,85,7.8
12,5,13,439,77,8.71
12,5,14,350,72,9.2
12,5,15,219,58,9.2
12,5,16,66,26,8.52
12,6,8,88,28,-1.83
12,6,9,236,63,0.44
12,6,10,361,77,3.79
12,6,11,440,86,5.97
12,6,12,470,79,7.46
12,6,13,435,81,8.27
12,6,14,351,69,8.61
12,6,15,217,60,8.34
12,6,16,65,26,7.35
12,7,8,50,43,-0.57
12,7,9,164,118,0.96
12,7,10,233,178,3.62
12,7,11,462,39,5.65
12,7,12,465,84,7.24
12,7,13,436,77,8.23
12,7,14,350,69,8.81
12,7,15,217,57,8.6
12,7,16,65,26,6.88
12,8,8,74,36,3.6
12,8,9,144,116,4.48
12,8,10,198,171,6.55
12,8,11,195,185,8.71
12,8,12,175,172,10.58
12,8,13,135,135,12.07
12,8,14,335,91,12.53
12,8,15,229,35,12.61
12,8,16,69,20,11.97
12,9,8,84,23,7.04
12,9,9,175,111,7.3
12,9,10,365,55,8.84
12,9,11,410,124,10.32
12,9,12,341,216,11.55
12,9,13,257,210,11.84
12,9,14,272,156,11.9
12,9,15,166,104,11.8
12,9,16,44,35,11.45
12,10,8,74,31,8.02
12,10,9,130,111,8.33
12,10,10,122,121,8.85
12,10,11,156,154,9.38
12,10,12,114,114,10.04
12,10,13,88,88,10.09
12,10,14,66,66,10.13
12,10,15,70,70,9.73
12,10,16,23,23,9.28
12,11,8,34,32,4.53
12,11,9,237,35,4.62
12,11,10,334,100,5.31
12,11,11,330,196,6.38
12,11,12,421,142,7.39
12,11,13,86,86,8.3
12,11,14,333,91,8.82
12,11,15,115,102,8.53
12,11,16,29,28,8.02
12,12,8,74,25,-0.19
12,12,9,225,55,0.73
12,12,10,351,69,3.12
12,12,11,435,72,4.73
12,12,12,464,69,6.04
12,12,13,436,62,7.03
12,12,14,345,68,7.69
12,12,15,214,59,7.87
12,12,16,64,26,7.54
12,13,8,70,28,0.39
12,13,9,201,83,1.11
12,13,10,318,114,3.33
12,13,11,431,77,4.59
12,13,12,458,78,6.04
12,13,13,284,208,7.21
12,13,14,220,170,8.05
12,13,15,205,70,8.53
12,13,16,45,35,7.83
12,14,8,36,33,5.49
12,14,9,151,110,6.31
12,14,10,66,66,7.15
12,14,11,65,65,8.39
12,14,12,144,144,8.83
12,14,13,158,156,9.41
12,14,14,195,165,9.73
12,14,15,131,107,9.94
12,14,16,35,32,9.7
12,15,8,56,33,6.23
12,15,9,224,43,6.88
12,15,10,190,164,7.86
12,15,11,203,188,9.21
12,15,12,386,175,9.43
12,15,13,364,163,9.91
12,15,14,142,137,9.94
12,15,15,95,91,9.38
12,15,16,40,34,8.56
12,16,8,64,27,0.23
12,16,9,213,59,1.63
12,16,10,343,68,4.5
12,16,11,431,67,6.28
12,16,12,457,73,7.59
12,16,13,431,67,8.37
12,16,14,356,48,8.64
12,16,15,199,79,8.57
12,16,16,66,26,7.96
12,17,8,61,27,-1.78
12,17,9,209,62,0.41
12,17,10,334,80,3.95
12,17,11,420,84,5.49
12,17,12,449,87,6.6
12,17,13,422,85,7.41
12,17,14,343,72,7.84
12,17,15,211,64,7.91
12,17,16,65,27,7.34
12,18,8,60,25,-2.07
12,18,9,210,59,0.26
12,18,10,339,72,3.36
12,18,11,429,68,5.51
12,18,12,456,73,7.14
12,18,13,426,76,8.63
12,18,14,345,69,9.73
12,18,15,206,72,10.22
12,18,16,53,36,9.89
12,19,8,60,25,2.54
12,19,9,206,62,3.44
12,19,10,335,74,6.85
12,19,11,418,84,8.65
12,19,12,446,92,9.83
12,19,13,421,84,10.52
12,19,14,345,68,10.89
12,19,15,215,61,10.93
12,19,16,67,27,10.23
12,20,8,59,22,-1.05
12,20,9,208,56,1.47
12,20,10,345,54,4.64
12,20,11,425,72,7.15
12,20,12,460,64,9.05
12,20,13,435,58,10.49
12,20,14,351,58,11.49
12,20,15,218,58,12.03
12,20,16,70,25,11.62
12,21,8,56,25,-0.13
12,21,9,204,59,2.53
12,21,10,337,68,6.15
12,21,11,426,67,8.79
12,21,12,455,73,10.7
12,21,13,426,76,12.05
12,21,14,348,65,12.9
12,21,15,219,58,13.19
12,21,16,71,25,12.67
12,22,8,54,24,-0.42
12,22,9,217,35,2.12
12,22,10,334,71,5.78
12,22,11,412,92,8.55
12,22,12,396,161,10.67
12,22,13,427,76,12.37
12,22,14,349,65,13.51
12,22,15,222,54,13.84
12,22,16,71,26,13.16
12,23,8,54,23,2.32
12,23,9,203,57,3.92
12,23,10,334,71,6.77
12,23,11,423,71,8.65
12,23,12,455,74,9.95
12,23,13,430,72,10.94
12,23,14,348,69,11.51
12,23,15,220,60,11.62
12,23,16,65,33,11.15
12,24,8,54,22,1.3
12,24,9,202,57,3.23
12,24,10,215,165,5.67
12,24,11,377,141,7.09
12,24,12,453,78,8.09
12,24,13,430,71,9.84
12,24,14,347,72,10.3
12,24,15,220,62,10.46
12,24,16,75,27,10
12,25,8,34,29,-0.13
12,25,9,68,68,0.64
12,25,10,104,104,1.35
12,25,11,122,122,2.15
12,25,12,150,149,3.25
12,25,13,161,158,4.05
12,25,14,96,96,4.77
12,25,15,157,112,5.27
12,25,16,31,30,5.39
12,26,8,47,25,2.55
12,26,9,144,101,3.3
12,26,10,225,163,5.24
12,26,11,295,201,6.27
12,26,12,155,154,6.51
12,26,13,111,111,6.76
12,26,14,359,55,6.74
12,26,15,166,111,6.82
12,26,16,79,26,6.16
12,27,8,55,17,4.63
12,27,9,201,55,5.43
12,27,10,349,37,6.93
12,27,11,416,84,8.09
12,27,12,326,214,8.79
12,27,13,412,108,9.09
12,27,14,289,148,9.2
12,27,15,127,110,8.88
12,27,16,7,7,8.36
12,28,8,47,25,6.03
12,28,9,107,95,6.85
12,28,10,162,149,8
12,28,11,277,205,9.51
12,28,12,98,98,10.43
12,28,13,114,114,10.17
12,28,14,70,70,10.45
12,28,15,93,91,11
12,28,16,41,38,11.04
12,29,8,27,25,4.25
12,29,9,119,100,6.7
12,29,10,216,164,8.96
12,29,11,350,170,10.31
12,29,12,409,150,11.36
12,29,13,377,158,12.48
12,29,14,211,173,13.5
12,29,15,171,113,13.49
12,29,16,73,37,12.96
12,30,8,44,25,5.98
12,30,9,188,71,6.98
12,30,10,330,74,9.37
12,30,11,422,76,10.62
12,30,12,449,92,11.79
12,30,13,432,81,12.7
12,30,14,360,67,13.27
12,30,15,232,60,13.3
12,30,16,85,27,12.71
12,31,8,48,23,5.63
12,31,9,151,99,6.03
12,31,10,189,161,6.51
12,31,11,163,160,7.73
12,31,12,302,223,8.75
12,31,13,136,136,9.46
12,31,14,114,114,10.04
12,31,15,86,85,9.87
12,31,16,58,45,8.79
